Edges,Nodes,Density,Components,Min_spl,Max_spl,Median_spl,Mean_spl,Sd_spl,Min_bc,Max_bc,Median_bc,Mean_bc,Sd_bc,Min_cc,Max_cc,Median_cc,Mean_cc,Sd_cc,Min_dc,Max_dc,Median_dc,Mean_dc,Sd_dc
5186,2113,0.001,156,0,23,7,7.506,2.3,0,0.261,0,0.002,0.014,0,0.23,0.129,0.124,0.029,0,0.099,0.001,0.002,0.005
21220,10340,0,1284,0,67,17,17.62,6.137,0,0.285,0,0.001,0.005,0,0.094,0.052,0.049,0.017,0,0.013,0,0,0
1122,662,0.002,225,0,29,10,9.821,3.687,0,0.408,0.002,0.007,0.024,0,0.155,0.073,0.062,0.038,0.001,0.048,0.004,0.005,0.003
11478,5534,0,915,0,48,11,12.084,4.412,0,0.275,0,0.001,0.007,0,0.149,0.075,0.066,0.029,0,0.037,0,0,0.001
1198,707,0.002,157,0,32,12,12.478,4.58,0,0.352,0.004,0.011,0.023,0,0.12,0.067,0.058,0.03,0,0.036,0.004,0.004,0.002
440,247,0.007,94,0,21,8,8.453,3.666,0,0.194,0.004,0.015,0.028,0,0.165,0.075,0.061,0.039,0,0.065,0.012,0.014,0.008
1744,804,0.002,45,0,36,13,13.2,6.31,0,0.324,0.003,0.013,0.036,0,0.158,0.075,0.073,0.023,0,0.087,0.004,0.005,0.006
3210,1549,0.001,197,0,37,12,12.028,4.446,0,0.248,0.001,0.006,0.016,0,0.134,0.076,0.074,0.023,0,0.045,0.001,0.002,0.002
578,305,0.006,69,0,28,10,10.037,4.41,0,0.291,0.006,0.02,0.036,0,0.132,0.081,0.069,0.035,0,0.18,0.013,0.012,0.014
4021,2068,0,182,0,31,11,10.992,3.437,0,0.283,0.001,0.004,0.014,0,0.151,0.086,0.083,0.02,0,0.028,0.001,0.001,0.001
1456,803,0.002,113,0,35,12,11.5,1.501,0,0.389,0.004,0.012,0.025,0,0.141,0.069,0.068,0.027,0,0.066,0.003,0.004,0.003
2150,1080,0.001,156,0,38,11,10.598,1.372,0,0.433,0.002,0.008,0.024,0,0.155,0.076,0.072,0.026,0,0.083,0.002,0.003,0.004
123,81,0.018,26,0,21,6,5.32,1.454,0,0.123,0.022,0.04,0.039,0,0.162,0.095,0.081,0.048,0,0.062,0.037,0.037,0.012
6195,3198,0,549,0,39,12,12.066,3.896,0,0.312,0.001,0.002,0.011,0,0.162,0.072,0.068,0.025,0,0.039,0,0.001,0.001
7427,3356,0,284,0,36,9,9.15,2.863,0,0.267,0,0.002,0.011,0,0.187,0.107,0.102,0.028,0,0.049,0.001,0.001,0.002
255,177,0.008,80,0,28,10,10.294,6.3,0,0.08,0.002,0.013,0.022,0,0.09,0.027,0.028,0.016,0,0.051,0.017,0.016,0.006
3868,1984,0,155,0,39,10,10.44,4.144,0,0.452,0.001,0.004,0.017,0,0.2,0.094,0.091,0.036,0,0.074,0.001,0.001,0.003
3669,1624,0.001,214,0,46,8,9.014,3.802,0,0.315,0.001,0.004,0.016,0,0.179,0.102,0.096,0.032,0,0.099,0.002,0.002,0.005
4135,1836,0.001,97,0,24,9,8.563,0.38,0,0.456,0.001,0.004,0.016,0,0.199,0.107,0.107,0.022,0,0.074,0.002,0.002,0.003
1938,1023,0.001,372,0,35,12,12.387,4.958,0,0.152,0,0.004,0.011,0,0.079,0.043,0.036,0.021,0,0.067,0.002,0.003,0.003
1092,508,0.004,49,0,18,7,7.576,2.624,0,0.35,0.006,0.011,0.027,0,0.234,0.123,0.117,0.036,0,0.09,0.007,0.008,0.008
395,227,0.007,90,0,29,6,6.902,2.131,0,0.061,0.002,0.009,0.014,0,0.096,0.026,0.032,0.021,0,0.07,0.013,0.015,0.007
220,143,0.01,67,0,22,5,4.881,1.524,0,0.095,0.003,0.012,0.019,0,0.083,0.032,0.034,0.022,0,0.049,0.021,0.021,0.007
3105,1770,0,471,0,49,16,16.663,6.415,0,0.213,0.001,0.005,0.013,0,0.105,0.046,0.04,0.02,0,0.035,0.001,0.001,0.001
1508,620,0.003,73,0,22,3,4.905,0.515,0,0.777,0.001,0.005,0.044,0,0.434,0.216,0.174,0.065,0,0.499,0.006,0.007,0.028
1894,1083,0.001,199,0,34,12,11.702,0.996,0,0.197,0.003,0.008,0.015,0,0.122,0.07,0.064,0.028,0,0.025,0.002,0.003,0.001
637,344,0.005,120,0,18,7,7.335,2.635,0,0.339,0.005,0.011,0.03,0,0.185,0.096,0.089,0.036,0,0.099,0.008,0.01,0.009
251,170,0.008,45,0,33,11,11.966,6.149,0,0.313,0.015,0.041,0.056,0,0.135,0.064,0.057,0.031,0,0.047,0.017,0.017,0.006
985,593,0.002,174,0,35,12,12.6,5.027,0,0.195,0.004,0.012,0.023,0,0.111,0.061,0.054,0.025,0,0.03,0.005,0.005,0.003
4996,2584,0,312,0,38,12,12.223,3.861,0,0.235,0.001,0.003,0.011,0,0.133,0.074,0.069,0.025,0,0.026,0.001,0.001,0.001
260,165,0.009,36,0,23,8,7.175,1.125,0,0.237,0.016,0.031,0.042,0,0.141,0.089,0.079,0.036,0,0.06,0.018,0.019,0.008
152,174,0.005,168,0,10,2,2.24,2.245,0,0.004,0,0,0,0,0.092,0.005,0.007,0.011,0,0.063,0.011,0.01,0.008
330,184,0.009,77,0,25,7,8.013,4.542,0,0.199,0.002,0.013,0.028,0,0.169,0.042,0.045,0.024,0,0.092,0.016,0.019,0.012
1389,828,0.002,255,0,33,14,13.959,5.251,0,0.226,0.003,0.009,0.019,0,0.09,0.051,0.047,0.02,0,0.019,0.003,0.004,0.002
330,184,0.009,77,0,25,7,8.013,4.542,0,0.199,0.002,0.013,0.028,0,0.169,0.042,0.045,0.024,0,0.092,0.016,0.019,0.012
781,468,0.003,130,0,50,11,11.521,3.052,0,0.259,0.006,0.017,0.029,0,0.146,0.056,0.053,0.034,0,0.032,0.006,0.007,0.003
23178,9785,0,3779,0,78,14,14.738,5.627,0,0.111,0,0,0.003,0,0.163,0.042,0.033,0.023,0,0.037,0,0,0.001
8603,4061,0,116,0,51,13,13.186,4.389,0,0.28,0,0.002,0.01,0,0.142,0.077,0.076,0.016,0,0.04,0,0.001,0.001
4397,2021,0.001,284,0,38,9,9.039,3.134,0,0.191,0.001,0.003,0.011,0,0.161,0.096,0.087,0.032,0,0.05,0.001,0.002,0.003
16605,7849,0,796,0,47,13,13.32,4.258,0,0.269,0,0.001,0.006,0,0.143,0.072,0.068,0.022,0,0.044,0,0,0.001
143,99,0.014,62,0,16,3,3.491,1.134,0,0.125,0.002,0.011,0.023,0,0.118,0.043,0.042,0.027,0,0.091,0.03,0.029,0.014
4394,1902,0.001,91,0,21,9,8.841,2.595,0,0.417,0.001,0.003,0.015,0,0.196,0.109,0.108,0.021,0,0.073,0.002,0.002,0.003
424,260,0.006,70,0,30,10,10.639,4.674,0,0.306,0.01,0.024,0.04,0,0.149,0.067,0.066,0.03,0,0.073,0.011,0.012,0.007
3099,1394,0.001,217,0,37,8,8.092,1.243,0,0.278,0.001,0.004,0.016,0,0.167,0.086,0.08,0.03,0,0.093,0.002,0.003,0.004
2021,1004,0.002,146,0,37,11,10.381,1.326,0,0.384,0.003,0.008,0.023,0,0.161,0.077,0.073,0.025,0,0.072,0.003,0.004,0.004
1920,996,0.001,87,0,23,9,9.057,3.133,0,0.71,0.002,0.007,0.032,0,0.225,0.103,0.1,0.036,0,0.105,0.003,0.003,0.004
456,267,0.006,84,0,20,8,7.862,3.067,0,0.306,0.006,0.015,0.031,0,0.193,0.095,0.08,0.045,0,0.067,0.011,0.012,0.008
4923,2061,0.001,186,0,25,8,7.562,0.49,0,0.212,0,0.003,0.014,0,0.202,0.114,0.112,0.025,0,0.088,0.001,0.002,0.004
45,39,0.03,32,0,9,2,2.566,1.951,0,0.032,0.004,0.007,0.009,0,0.134,0.045,0.051,0.033,0,0.105,0.052,0.06,0.029
2255,1234,0.001,69,0,34,15,14.547,4.838,0,0.409,0.002,0.009,0.025,0,0.118,0.065,0.063,0.018,0,0.095,0.002,0.002,0.004
633,342,0.005,76,0,25,10,10.326,4.248,0,0.223,0.007,0.019,0.036,0,0.155,0.078,0.073,0.035,0,0.07,0.008,0.01,0.007
126,88,0.016,51,0,20,6,5.886,3.446,0,0.123,0.005,0.018,0.027,0,0.141,0.05,0.056,0.038,0,0.068,0.034,0.032,0.014
4818,2393,0,529,0,50,10,10.334,1.656,0,0.322,0,0.003,0.013,0,0.155,0.07,0.064,0.03,0,0.059,0.001,0.001,0.002
854,439,0.004,86,0,29,9,9.326,4.065,0,0.536,0.005,0.014,0.039,0,0.212,0.092,0.085,0.03,0,0.089,0.006,0.008,0.008
11283,5993,0,1268,0,67,13,14.854,6.947,0,0.308,0,0.001,0.007,0,0.141,0.057,0.049,0.029,0,0.037,0,0,0.001
4991,2204,0.001,147,0,36,10,10.585,3.598,0,0.242,0.001,0.003,0.013,0,0.145,0.093,0.089,0.023,0,0.052,0.001,0.002,0.002
7217,3308,0,258,0,36,9,9.297,2.893,0,0.283,0,0.002,0.011,0,0.186,0.105,0.101,0.027,0,0.053,0.001,0.001,0.002
1085,604,0.002,100,0,31,11,10.874,0.914,0,0.404,0.005,0.014,0.03,0,0.153,0.078,0.073,0.032,0,0.091,0.004,0.005,0.004
3002,1343,0.001,162,0,41,8,8.605,3.383,0,0.359,0.001,0.004,0.018,0,0.188,0.103,0.1,0.031,0,0.128,0.002,0.003,0.005
6295,2820,0,214,0,38,9,8.845,2.972,0,0.294,0,0.002,0.012,0,0.194,0.109,0.106,0.029,0,0.079,0.001,0.001,0.003
5591,2848,0,686,0,57,12,12.813,4.816,0,0.276,0,0.002,0.01,0,0.122,0.065,0.057,0.028,0,0.041,0.001,0.001,0.001
2933,1373,0.001,206,0,27,8,8.348,0.634,0,0.309,0.001,0.004,0.017,0,0.202,0.103,0.096,0.041,0,0.102,0.002,0.003,0.004
52,45,0.026,44,0,9,2,2.338,1.883,0,0.02,0.002,0.004,0.005,0,0.12,0.036,0.04,0.027,0,0.09,0.045,0.052,0.022
1845,831,0.002,46,0,37,13,13.378,6.464,0,0.325,0.003,0.013,0.036,0,0.156,0.075,0.073,0.023,0,0.084,0.004,0.005,0.006
1623,811,0.002,49,0,24,10,9.723,3.015,0,0.326,0.005,0.009,0.022,0,0.169,0.099,0.096,0.024,0,0.045,0.004,0.004,0.003
541,294,0.006,118,0,22,8,7.458,1.282,0,0.24,0.004,0.013,0.03,0,0.153,0.072,0.062,0.045,0,0.098,0.01,0.012,0.009
1785,683,0.003,160,0,39,14,15.245,7.439,0,0.248,0.002,0.015,0.04,0,0.115,0.052,0.05,0.017,0,0.197,0.004,0.007,0.017
9321,3729,0,396,0,33,10,10.532,3.789,0,0.369,0,0.002,0.01,0,0.182,0.09,0.085,0.03,0,0.059,0.001,0.001,0.002
839,478,0.003,67,0,49,11,12.471,6.776,0,0.425,0.006,0.017,0.034,0,0.166,0.071,0.066,0.038,0,0.079,0.006,0.007,0.005
1028,557,0.003,137,0,28,9,9.608,3.766,0,0.239,0.003,0.009,0.02,0,0.139,0.075,0.064,0.032,0,0.043,0.007,0.006,0.003
309,183,0.009,63,0,20,7,7.608,4.01,0,0.086,0.002,0.01,0.018,0,0.092,0.032,0.039,0.025,0,0.065,0.016,0.018,0.009
3392,1774,0.001,259,0,35,13,12.84,4.54,0,0.241,0.001,0.005,0.014,0,0.14,0.069,0.065,0.027,0,0.04,0.001,0.002,0.002
298,174,0.009,32,0,19,8,7.687,2.977,0,0.205,0.02,0.027,0.036,0,0.182,0.105,0.094,0.043,0,0.057,0.017,0.019,0.008
666,405,0.004,84,0,46,16,16.833,8.11,0,0.208,0.008,0.026,0.038,0,0.103,0.045,0.044,0.021,0,0.022,0.007,0.008,0.003
389,246,0.006,97,0,28,10,10.527,5.127,0,0.214,0.003,0.017,0.031,0,0.1,0.05,0.046,0.025,0,0.053,0.012,0.012,0.006
3048,1488,0.001,118,0,31,10,10.725,3.706,0,0.321,0.002,0.005,0.017,0,0.166,0.092,0.088,0.025,0,0.065,0.002,0.002,0.003
1552,815,0.002,169,0,29,11,10.722,4.056,0,0.307,0.003,0.009,0.023,0,0.155,0.078,0.075,0.027,0,0.062,0.003,0.004,0.004
558,304,0.006,65,0,26,9,9.603,4.219,0,0.422,0.007,0.02,0.043,0,0.175,0.081,0.081,0.033,0,0.112,0.009,0.012,0.01
236,152,0.01,81,0,23,7,7.426,4.148,0,0.148,0.002,0.011,0.022,0,0.135,0.036,0.039,0.025,0,0.086,0.019,0.02,0.011
3039,1630,0.001,333,0,37,14,12.67,1.344,0,0.16,0.001,0.006,0.014,0,0.099,0.061,0.054,0.023,0,0.023,0.001,0.002,0.001
1850,739,0.003,87,0,31,10,10.805,4.341,0,0.33,0.001,0.011,0.03,0,0.155,0.088,0.082,0.026,0,0.182,0.004,0.006,0.015
3090,1501,0.001,113,0,30,11,10.792,3.71,0,0.329,0.002,0.005,0.017,0,0.166,0.092,0.088,0.024,0,0.065,0.002,0.002,0.003
7708,4027,0,638,0,37,12,12.146,3.853,0,0.257,0,0.002,0.008,0,0.165,0.073,0.069,0.025,0,0.043,0,0,0.001
565,340,0.004,90,0,25,10,9.952,3.814,0,0.175,0.011,0.017,0.021,0,0.144,0.079,0.071,0.035,0,0.035,0.008,0.009,0.004
304,164,0.011,51,0,21,7,6.124,1.2,0,0.209,0.01,0.022,0.033,0,0.166,0.082,0.067,0.039,0,0.073,0.024,0.022,0.01
102,74,0.018,59,0,7,3,2.729,1.692,0,0.052,0,0.003,0.008,0,0.184,0.026,0.039,0.037,0,0.136,0.034,0.037,0.022
36,32,0.036,31,0,9,2,2.548,2.008,0,0.045,0.002,0.01,0.014,0,0.157,0.052,0.057,0.038,0,0.129,0.064,0.072,0.033
455,267,0.006,49,0,21,9,8.671,3.317,0,0.458,0.011,0.02,0.042,0,0.191,0.094,0.086,0.039,0,0.09,0.011,0.012,0.007
2276,1203,0.001,195,0,31,11,10.91,0.837,0,0.326,0.002,0.007,0.021,0,0.148,0.076,0.071,0.031,0,0.056,0.002,0.003,0.002
255,177,0.008,80,0,28,10,10.294,6.3,0,0.08,0.002,0.013,0.022,0,0.09,0.027,0.028,0.016,0,0.051,0.017,0.016,0.006
2718,1390,0.001,228,0,37,12,11.529,1.43,0,0.488,0.002,0.007,0.023,0,0.139,0.069,0.066,0.024,0,0.03,0.002,0.002,0.002
249,170,0.008,76,0,27,10,10.583,5.786,0,0.16,0.003,0.019,0.032,0,0.085,0.032,0.036,0.022,0,0.047,0.017,0.017,0.006
17775,8007,0,1329,0,667,12,12.93,18.61,0,0.22,0,0.001,0.005,0,0.135,0.073,0.064,0.03,0,0.037,0,0,0.001
2879,1366,0.001,207,0,47,10,10.791,4.821,0,0.216,0.001,0.005,0.018,0,0.137,0.088,0.079,0.031,0,0.038,0.002,0.003,0.003
3468,1593,0.001,294,0,35,8,8.333,1.244,0,0.225,0,0.003,0.013,0,0.147,0.077,0.069,0.032,0,0.078,0.001,0.002,0.004
3217,1666,0.001,152,0,30,11,11.3,3.753,0,0.364,0.002,0.005,0.015,0,0.148,0.083,0.081,0.025,0,0.051,0.001,0.002,0.002
1464,696,0.003,55,0,23,9,9.54,3.15,0,0.318,0.006,0.01,0.024,0,0.163,0.097,0.094,0.025,0,0.05,0.005,0.006,0.004
724,417,0.004,80,0,26,12,11.467,4.188,0,0.166,0.008,0.018,0.026,0,0.122,0.07,0.064,0.029,0,0.045,0.007,0.008,0.004
133,96,0.014,61,0,24,5,5.13,2.161,0,0.121,0.004,0.021,0.028,0,0.147,0.043,0.043,0.025,0,0.136,0.031,0.029,0.015
814,398,0.005,40,0,24,10,9.354,0.954,0,0.207,0.008,0.019,0.03,0,0.147,0.09,0.085,0.028,0,0.09,0.007,0.01,0.009
2882,1349,0.001,191,0,48,9,10.489,4.777,0,0.223,0.001,0.005,0.017,0,0.146,0.091,0.082,0.031,0,0.043,0.002,0.003,0.003
7138,3284,0,290,0,31,10,10.359,0.493,0,0.296,0,0.002,0.01,0,0.168,0.091,0.085,0.028,0,0.036,0,0.001,0.001
952,459,0.004,42,0,27,10.5,9.735,1.135,0,0.215,0.007,0.017,0.03,0,0.133,0.087,0.083,0.025,0,0.096,0.008,0.009,0.007
959,519,0.003,51,0,24,10,10.036,3.555,0,0.254,0.007,0.014,0.024,0,0.163,0.09,0.086,0.031,0,0.052,0.005,0.007,0.004
820,441,0.004,109,0,31,9,9.723,4.304,0,0.292,0.005,0.013,0.029,0,0.14,0.082,0.073,0.032,0,0.038,0.006,0.008,0.004
1945,1082,0.001,191,0,36,14,13.913,4.729,0,0.116,0.004,0.008,0.013,0,0.112,0.061,0.055,0.024,0,0.032,0.002,0.003,0.002
7367,3188,0,177,0,39,11,11.191,3.981,0,0.233,0,0.002,0.011,0,0.148,0.088,0.086,0.024,0,0.067,0,0.001,0.003
11144,5365,0,412,0,34,11,10.638,0.532,0,0.425,0,0.001,0.011,0,0.177,0.085,0.084,0.021,0,0.065,0,0,0.001
3114,1415,0.001,221,0,42,9,9.877,4.165,0,0.228,0.001,0.004,0.015,0,0.152,0.084,0.077,0.03,0,0.076,0.002,0.003,0.004
256,166,0.009,109,0,35,5,6.311,2.79,0,0.179,0.003,0.02,0.038,0,0.084,0.035,0.033,0.019,0,0.054,0.018,0.018,0.007
11865,5670,0,940,0,48,11,12.064,4.338,0,0.273,0,0.001,0.007,0,0.148,0.075,0.066,0.028,0,0.037,0,0,0.001
2529,1252,0.001,198,0,42,12,12.425,4.926,0,0.208,0.002,0.007,0.017,0,0.133,0.076,0.07,0.027,0,0.034,0.002,0.003,0.002
52,45,0.026,44,0,9,2,2.338,1.883,0,0.02,0.002,0.004,0.005,0,0.12,0.036,0.04,0.027,0,0.09,0.045,0.052,0.022
2451,1175,0.001,91,0,34,11,9.781,1.024,0,0.297,0.002,0.007,0.019,0,0.135,0.082,0.079,0.021,0,0.083,0.002,0.003,0.004
1867,954,0.002,246,0,39,9,8.535,1.133,0,0.159,0.001,0.005,0.014,0,0.123,0.07,0.058,0.031,0,0.043,0.003,0.004,0.003
651,417,0.003,163,0,36,12,12.77,5.658,0,0.172,0.002,0.016,0.028,0,0.113,0.052,0.047,0.028,0,0.052,0.007,0.007,0.004
1366,662,0.003,52,0,23,9,9.477,3.113,0,0.314,0.006,0.011,0.024,0,0.16,0.098,0.095,0.026,0,0.052,0.006,0.006,0.004
7135,3370,0,320,0,35,11,11.482,3.777,0,0.151,0,0.002,0.009,0,0.137,0.083,0.079,0.022,0,0.046,0,0.001,0.001
1609,809,0.002,164,0,40,10,9.814,3.784,0,0.226,0.003,0.007,0.018,0,0.132,0.082,0.075,0.029,0,0.038,0.004,0.004,0.003
1220,667,0.002,162,0,35,11,11.063,4.632,0,0.33,0.003,0.011,0.024,0,0.15,0.077,0.071,0.028,0,0.063,0.004,0.005,0.004
314,168,0.011,51,0,21,7,6.295,1.233,0,0.21,0.01,0.022,0.033,0,0.165,0.081,0.067,0.039,0,0.071,0.02,0.022,0.01
10,13,0.064,13,0,3,1,0.793,0.846,0,0.015,0,0.004,0.006,0,0.187,0.083,0.074,0.067,0,0.25,0.166,0.128,0.077
450,263,0.006,65,0,20,9,8.55,3.244,0,0.276,0.009,0.019,0.033,0,0.165,0.087,0.08,0.036,0,0.103,0.011,0.013,0.008
7439,3365,0,267,0,36,9,9.207,2.876,0,0.282,0,0.002,0.011,0,0.188,0.106,0.102,0.027,0,0.049,0.001,0.001,0.002
3677,1934,0,307,0,34,11,10.754,1.09,0,0.208,0.001,0.004,0.012,0,0.143,0.071,0.069,0.027,0,0.037,0.001,0.001,0.001
249,148,0.011,39,0,23,8,7.776,3.511,0,0.143,0.024,0.028,0.026,0,0.155,0.096,0.08,0.044,0,0.054,0.02,0.022,0.008
683,368,0.005,66,0,30,9,8.468,1.07,0,0.328,0.007,0.017,0.034,0,0.153,0.084,0.079,0.032,0,0.084,0.009,0.01,0.006
2935,1368,0.001,99,0,24,9,9.007,2.939,0,0.334,0.001,0.005,0.02,0,0.163,0.107,0.102,0.025,0,0.068,0.002,0.003,0.004
3625,2821,0,2144,0,80,16,21.696,16.719,0,0.007,0,0,0,0,0.088,0,0.002,0.003,0,0.028,0.001,0,0
5612,2456,0,194,0,46,14,15.143,7.019,0,0.355,0.001,0.005,0.018,0,0.132,0.067,0.065,0.024,0,0.079,0.001,0.001,0.003
1439,748,0.002,119,0,27,9,9.27,3.291,0,0.285,0.003,0.009,0.023,0,0.168,0.094,0.09,0.026,0,0.058,0.004,0.005,0.005
17327,7976,0,1508,0,667,12,12.995,19.111,0,0.213,0,0.001,0.005,0,0.132,0.07,0.061,0.03,0,0.037,0,0,0.001
2817,1295,0.001,243,0,38,8,8.103,0.934,0,0.174,0.001,0.003,0.013,0,0.137,0.076,0.067,0.031,0,0.061,0.002,0.003,0.004
549,332,0.004,98,0,31,13,12.819,5.925,0,0.183,0.003,0.017,0.032,0,0.112,0.046,0.039,0.023,0,0.039,0.009,0.009,0.004
2565,1211,0.001,214,0,36,9,8.912,3.382,0,0.175,0.001,0.004,0.015,0,0.164,0.091,0.079,0.036,0,0.053,0.003,0.003,0.004
2988,1460,0.001,256,0,38,9,8.952,0.905,0,0.184,0.001,0.004,0.014,0,0.145,0.081,0.071,0.032,0,0.043,0.002,0.002,0.002
12380,7026,0,1882,0,58,15,15.816,5.743,0,0.21,0,0.001,0.006,0,0.144,0.047,0.04,0.024,0,0.029,0,0,0
11771,5979,0,1435,0,39,10,9.959,3.369,0,0.251,0,0.001,0.007,0,0.159,0.082,0.07,0.039,0,0.052,0,0,0.001
195,121,0.013,75,0,21,6,7.284,4.453,0,0.159,0.006,0.02,0.033,0,0.176,0.049,0.057,0.041,0,0.091,0.025,0.026,0.015
303,211,0.006,142,0,25,10,9.738,5.154,0,0.139,0.002,0.011,0.021,0,0.073,0.024,0.029,0.019,0,0.038,0.014,0.013,0.005
1541,893,0.001,251,0,33,12,10.387,1.427,0,0.135,0.002,0.008,0.015,0,0.095,0.059,0.049,0.026,0,0.024,0.003,0.003,0.002
1763,892,0.002,159,0,29,10,10.198,3.559,0,0.244,0.003,0.007,0.017,0,0.156,0.089,0.078,0.036,0,0.032,0.004,0.004,0.003
3663,1712,0.001,155,0,37,8,8.053,0.684,0,0.467,0.001,0.003,0.018,0,0.216,0.112,0.107,0.033,0,0.108,0.002,0.002,0.004
301,182,0.009,59,0,27,9,8.203,2.141,0,0.21,0.01,0.026,0.039,0,0.139,0.053,0.052,0.031,0,0.044,0.016,0.018,0.006
2731,1447,0.001,292,0,34,12,12.41,4.233,0,0.161,0.002,0.005,0.013,0,0.113,0.069,0.06,0.028,0,0.031,0.002,0.002,0.002
1829,923,0.002,202,0,36,11,11.119,4.556,0,0.189,0.001,0.006,0.018,0,0.123,0.065,0.057,0.03,0,0.053,0.003,0.004,0.004
1021,541,0.003,81,0,25,9,8.707,0.764,0,0.282,0.007,0.012,0.025,0,0.158,0.091,0.085,0.03,0,0.044,0.005,0.006,0.004
203,132,0.011,47,0,23,9,8.809,4.47,0,0.184,0.01,0.026,0.036,0,0.115,0.049,0.052,0.031,0,0.061,0.022,0.023,0.008
3944,2142,0,294,0,42,14,14.449,4.882,0,0.323,0.001,0.004,0.015,0,0.134,0.059,0.058,0.024,0,0.031,0.001,0.001,0.001
1,5,0.05,5,0,1,0,0.166,0.372,0,0,0,0,0,0,0.25,0,0.05,0.1,0,0.25,0,0.1,0.122
2253,1112,0.001,337,0,27,8,7.385,1.06,0,0.193,0,0.003,0.01,0,0.134,0.057,0.049,0.03,0,0.047,0.002,0.003,0.003
11283,5993,0,1268,0,67,13,14.854,6.947,0,0.308,0,0.001,0.007,0,0.141,0.057,0.049,0.029,0,0.037,0,0,0.001
901,466,0.004,119,0,47,16,16.723,8.985,0,0.252,0.004,0.021,0.041,0,0.091,0.047,0.041,0.022,0,0.045,0.006,0.008,0.005
12380,7026,0,1882,0,58,15,15.816,5.743,0,0.21,0,0.001,0.006,0,0.144,0.047,0.04,0.024,0,0.029,0,0,0
87,71,0.017,67,0,17,5,5.501,3.721,0,0.09,0.004,0.014,0.022,0,0.082,0.043,0.041,0.02,0,0.071,0.028,0.035,0.015
1279,604,0.003,82,0,21,8,7.704,2.483,0,0.301,0.003,0.008,0.023,0,0.202,0.109,0.102,0.041,0.001,0.109,0.006,0.007,0.007
437,267,0.006,78,0,30,10,8.726,1.782,0,0.16,0.004,0.016,0.025,0,0.099,0.046,0.042,0.025,0,0.033,0.011,0.012,0.005
359,222,0.007,93,0,26,9,9.768,5.06,0,0.161,0.003,0.013,0.026,0,0.08,0.046,0.038,0.021,0,0.049,0.013,0.014,0.006
12367,6985,0,1809,0,61,15,15.919,5.914,0,0.212,0,0.001,0.006,0,0.145,0.048,0.041,0.024,0,0.029,0,0,0
2121,1135,0.001,431,0,29,8,8.714,3.362,0,0.431,0,0.003,0.019,0,0.18,0.078,0.069,0.039,0,0.107,0.002,0.003,0.005
74,55,0.024,30,0,9,3,2.716,0.668,0,0.174,0.008,0.017,0.032,0,0.207,0.075,0.076,0.054,0,0.166,0.055,0.049,0.028
1694,830,0.002,51,0,31,9,10.193,0.605,0,0.556,0.004,0.01,0.03,0,0.159,0.095,0.088,0.027,0,0.062,0.003,0.004,0.004
1275,664,0.002,105,0,25,10,10.327,3.547,0,0.269,0.005,0.011,0.023,0,0.152,0.083,0.079,0.027,0,0.034,0.006,0.005,0.003
870,462,0.004,70,0,25,10,10.416,3.783,0,0.36,0.007,0.016,0.03,0,0.165,0.08,0.078,0.03,0,0.058,0.006,0.008,0.004
1679,767,0.002,101,0,28,9,8.514,0.833,0,0.226,0.003,0.008,0.022,0,0.153,0.096,0.089,0.03,0,0.083,0.005,0.005,0.005
471,292,0.005,62,0,37,11,10.558,2.109,0,0.217,0.008,0.027,0.038,0,0.126,0.06,0.058,0.03,0,0.044,0.01,0.011,0.005
3749,1710,0.001,221,0,35,9,8.817,3.079,0,0.253,0.001,0.003,0.014,0,0.194,0.102,0.095,0.033,0,0.07,0.002,0.002,0.003
9168,3852,0,188,0,30,10,9.809,3.186,0,0.465,0,0.002,0.012,0,0.205,0.1,0.099,0.029,0,0.063,0,0.001,0.002
792,444,0.004,122,0,32,9,9.773,4.493,0,0.309,0.004,0.013,0.026,0,0.162,0.086,0.075,0.042,0,0.079,0.006,0.008,0.007
822,430,0.004,55,0,20,8,8.354,2.947,0,0.375,0.007,0.014,0.032,0,0.206,0.108,0.102,0.037,0,0.135,0.006,0.008,0.009
1792,688,0.003,165,0,39,14,15.244,7.417,0,0.245,0.002,0.015,0.039,0,0.115,0.051,0.049,0.017,0,0.196,0.004,0.007,0.017
1657,828,0.002,48,0,23,10,9.422,0.539,0,0.285,0.005,0.009,0.022,0,0.16,0.097,0.095,0.023,0,0.049,0.003,0.004,0.003
802,390,0.005,40,0,24,10,9.006,0.961,0,0.24,0.007,0.018,0.031,0,0.151,0.094,0.088,0.028,0,0.092,0.007,0.01,0.01
1417,695,0.002,58,0,23,8,8.512,0.542,0,0.552,0.004,0.01,0.031,0,0.22,0.114,0.107,0.038,0,0.07,0.004,0.005,0.005
5467,2889,0,576,0,40,11,10.412,1.173,0,0.196,0.001,0.002,0.008,0,0.171,0.069,0.063,0.026,0,0.024,0.001,0.001,0.001
5716,2529,0,300,0,32,10,9.892,3.241,0,0.271,0,0.003,0.012,0,0.156,0.095,0.09,0.026,0,0.047,0.001,0.001,0.002
469,253,0.007,110,0,16,6,6.374,2.369,0,0.23,0.004,0.01,0.028,0,0.184,0.096,0.081,0.045,0,0.111,0.011,0.014,0.012
3230,1483,0.001,98,0,28,9,8.874,3.207,0,0.518,0.001,0.004,0.021,0,0.223,0.11,0.107,0.029,0,0.103,0.002,0.002,0.004
824,431,0.004,55,0,20,8,8.352,2.934,0,0.378,0.007,0.014,0.032,0,0.205,0.108,0.102,0.037,0,0.132,0.006,0.008,0.008
9038,4696,0,885,0,35,11,11.115,3.567,0,0.464,0,0.001,0.01,0,0.195,0.078,0.075,0.035,0,0.076,0,0,0.001
417,249,0.006,75,0,35,10,11.473,6.195,0,0.402,0.005,0.027,0.053,0,0.111,0.064,0.057,0.023,0,0.084,0.012,0.013,0.008
2928,1527,0.001,184,0,42,14,13.809,5.085,0,0.311,0.002,0.007,0.018,0,0.145,0.066,0.064,0.022,0,0.05,0.001,0.002,0.002
170,102,0.016,41,0,14,4,4.204,0.839,0,0.346,0.006,0.021,0.051,0,0.237,0.097,0.083,0.056,0,0.207,0.029,0.033,0.026
1506,769,0.002,145,0,38,10,10.321,4.082,0,0.216,0.003,0.008,0.02,0,0.126,0.079,0.071,0.029,0,0.036,0.003,0.005,0.003
1734,815,0.002,73,0,30,12,10.754,0.905,0,0.288,0.003,0.011,0.028,0,0.153,0.078,0.077,0.024,0,0.196,0.003,0.005,0.01
12569,7018,0,3062,0,48,13,13.808,4.923,0,0.167,0,0,0.004,0,0.145,0.046,0.035,0.024,0,0.026,0,0,0
14512,5911,0,276,0,41,8,8.223,2.608,0,0.313,0,0.001,0.009,0,0.214,0.121,0.118,0.024,0,0.094,0,0,0.002
259,167,0.009,69,0,19,7,6.007,1.332,0,0.196,0.004,0.021,0.035,0,0.118,0.07,0.058,0.033,0,0.06,0.018,0.018,0.008
226,137,0.012,42,0,22,9,9.057,4.555,0,0.318,0.014,0.033,0.058,0,0.217,0.067,0.069,0.045,0,0.191,0.022,0.024,0.018
1314,780,0.002,252,0,34,13,12.682,4.698,0,0.235,0.002,0.009,0.02,0,0.106,0.059,0.05,0.029,0,0.041,0.003,0.004,0.003
23202,9790,0,3778,0,78,14,14.713,5.609,0,0.111,0,0,0.003,0,0.163,0.042,0.033,0.023,0,0.037,0,0,0.001
2027,1006,0.002,146,0,37,11,11.789,4.846,0,0.384,0.003,0.008,0.023,0,0.161,0.077,0.073,0.025,0,0.072,0.003,0.004,0.004
661,352,0.005,69,0,23,9,9.085,3.408,0,0.31,0.008,0.017,0.029,0,0.158,0.089,0.084,0.03,0,0.085,0.008,0.01,0.007
3884,1767,0.001,737,0,64,11,14.247,8.695,0,0.276,0,0.003,0.017,0,0.104,0.041,0.034,0.028,0,0.284,0.001,0.002,0.011
12380,7026,0,1882,0,58,15,15.816,5.743,0,0.21,0,0.001,0.006,0,0.144,0.047,0.04,0.024,0,0.029,0,0,0
318,183,0.009,50,0,28,10,10.182,5.135,0,0.306,0.012,0.032,0.049,0,0.138,0.074,0.067,0.036,0,0.076,0.016,0.019,0.009
856,500,0.003,148,0,59,10,11.746,2.633,0,0.371,0.004,0.015,0.032,0,0.105,0.052,0.044,0.029,0,0.06,0.006,0.006,0.003
6001,2525,0,247,0,33,9,9.727,4.078,0,0.193,0,0.003,0.013,0,0.165,0.099,0.096,0.025,0,0.074,0.001,0.001,0.003
17609,8117,0,1502,0,667,12,12.955,18.737,0,0.207,0,0.001,0.005,0,0.132,0.071,0.061,0.03,0,0.036,0,0,0.001
1724,869,0.002,106,0,31,9,8.809,0.859,0,0.465,0.003,0.008,0.025,0,0.216,0.097,0.096,0.036,0,0.085,0.003,0.004,0.005
1138,614,0.003,92,0,31,10,10.899,4.303,0,0.353,0.003,0.013,0.031,0,0.133,0.086,0.077,0.026,0,0.091,0.004,0.006,0.007
23568,12729,0,3466,0,37,11,11.094,3.181,0,0.227,0,0,0.004,0,0.145,0.07,0.06,0.032,0,0.028,0,0,0
2854,1192,0.002,300,0,39,11,11.951,5.482,0,0.216,0.001,0.005,0.015,0,0.113,0.065,0.057,0.029,0,0.057,0.002,0.004,0.004
11875,5680,0,950,0,48,11,12.064,4.338,0,0.272,0,0.001,0.007,0,0.148,0.075,0.066,0.028,0,0.036,0,0,0.001
1318,752,0.002,85,0,35,14,13.861,5.355,0,0.507,0.005,0.014,0.031,0,0.128,0.065,0.065,0.022,0,0.049,0.003,0.004,0.003
52,45,0.026,44,0,9,2,2.338,1.883,0,0.02,0.002,0.004,0.005,0,0.12,0.036,0.04,0.027,0,0.09,0.045,0.052,0.022
2486,1382,0.001,401,0,37,12,12.22,4.625,0,0.28,0.001,0.005,0.015,0,0.103,0.064,0.057,0.024,0,0.048,0.002,0.002,0.002
341,205,0.008,78,0,35,12,13.145,7.432,0,0.248,0.009,0.032,0.055,0,0.144,0.046,0.044,0.022,0,0.044,0.014,0.016,0.006
6662,3556,0,1000,0,39,13,13.082,4.05,0,0.209,0,0.002,0.007,0,0.157,0.061,0.054,0.026,0,0.03,0,0.001,0.001
150,100,0.015,77,0,16,5,4.789,2.794,0,0.051,0.003,0.008,0.011,0,0.193,0.032,0.045,0.039,0,0.101,0.03,0.03,0.013
1945,1026,0.001,279,0,36,12,12.753,5.214,0,0.225,0.002,0.007,0.017,0,0.113,0.059,0.052,0.028,0,0.035,0.002,0.003,0.002
190,123,0.012,77,0,8,4,4.225,1.904,0,0.126,0.001,0.005,0.016,0,0.233,0.022,0.048,0.045,0,0.18,0.024,0.025,0.019
1536,768,0.002,88,0,25,9,9.542,3.082,0,0.212,0.004,0.009,0.019,0,0.161,0.095,0.089,0.03,0,0.037,0.005,0.005,0.003
200,139,0.01,118,0,16,2.5,3.329,0.912,0,0.097,0.002,0.008,0.014,0,0.123,0.033,0.035,0.024,0,0.043,0.021,0.02,0.008
1894,1083,0.001,199,0,34,13,12.771,4.295,0,0.197,0.003,0.008,0.015,0,0.122,0.07,0.064,0.028,0,0.025,0.002,0.003,0.001
282,165,0.01,53,0,26,9,9.255,4.578,0,0.237,0.011,0.029,0.038,0,0.144,0.07,0.068,0.036,0,0.073,0.018,0.02,0.009
1313,710,0.002,55,0,33,9,9.982,0.875,0,0.621,0.006,0.012,0.035,0,0.171,0.091,0.087,0.028,0,0.063,0.004,0.005,0.003
1519,1004,0.001,614,0,32,9,10.945,6.805,0,0.047,0,0,0.003,0,0.127,0.003,0.009,0.01,0,0.065,0.002,0.003,0.003
5652,2531,0,289,0,33,10,9.455,0.67,0,0.351,0.001,0.003,0.013,0,0.158,0.094,0.088,0.026,0,0.056,0.001,0.001,0.002
19,20,0.05,20,0,4,1,1.2,1.122,0,0.017,0,0.004,0.005,0,0.203,0.07,0.062,0.054,0,0.157,0.105,0.1,0.052
402,237,0.007,70,0,34,11,12.181,6.892,0,0.236,0.007,0.028,0.052,0,0.201,0.051,0.058,0.037,0,0.08,0.012,0.014,0.008
11964,6058,0,1425,0,39,10,9.941,3.279,0,0.255,0,0.001,0.007,0,0.161,0.082,0.071,0.039,0,0.052,0,0,0.001
173,114,0.013,38,0,20,8,7.816,3.583,0,0.211,0.008,0.033,0.042,0,0.143,0.08,0.071,0.036,0,0.079,0.026,0.026,0.011
2021,976,0.002,95,0,32,11,11.506,4.179,0,0.262,0.003,0.009,0.021,0,0.16,0.081,0.079,0.022,0,0.051,0.004,0.004,0.003
3884,1767,0.001,737,0,64,11,14.247,8.695,0,0.276,0,0.003,0.017,0,0.104,0.041,0.034,0.028,0,0.284,0.001,0.002,0.011
12691,6363,0,186,0,36,11,11.417,3.754,0,0.732,0,0.001,0.016,0,0.212,0.086,0.088,0.024,0,0.11,0,0,0.001
931,456,0.004,48,0,28,11,10.922,4.65,0,0.228,0.005,0.018,0.032,0,0.148,0.08,0.081,0.029,0,0.068,0.008,0.008,0.006
265,162,0.01,72,0,23,9,8.895,4.222,0,0.283,0.008,0.023,0.041,0,0.136,0.059,0.056,0.025,0,0.062,0.018,0.02,0.008
1647,728,0.003,81,0,28,9,8.743,2.949,0,0.243,0.002,0.009,0.023,0,0.172,0.105,0.098,0.031,0,0.088,0.005,0.006,0.006
112,79,0.018,76,0,9,3,2.794,2.009,0,0.019,0.001,0.002,0.003,0,0.303,0.019,0.033,0.044,0,0.102,0.038,0.036,0.018
2832,1968,0,1000,0,35,11,11.18,4.839,0,0.184,0,0.001,0.009,0,0.113,0.038,0.032,0.031,0,0.094,0.001,0.001,0.003
310,198,0.007,79,0,30,10,10.525,5.256,0,0.126,0.004,0.02,0.029,0,0.091,0.051,0.042,0.025,0,0.03,0.015,0.015,0.005
17609,8117,0,1502,0,667,12,12.955,18.737,0,0.207,0,0.001,0.005,0,0.132,0.071,0.061,0.03,0,0.036,0,0,0.001
1919,1006,0.001,90,0,30,12,11.697,3.953,0,0.253,0.004,0.009,0.019,0,0.157,0.078,0.077,0.027,0,0.044,0.002,0.003,0.003
4315,1910,0.001,240,0,38,9,9.116,3.404,0,0.249,0,0.003,0.015,0,0.204,0.105,0.098,0.034,0,0.094,0.002,0.002,0.004
5276,2193,0.001,201,0,39,9,9.466,3.329,0,0.23,0.001,0.003,0.014,0,0.184,0.104,0.099,0.027,0,0.072,0.001,0.002,0.004
1082,518,0.004,66,0,22,8,8.509,3.175,0,0.375,0.004,0.01,0.027,0,0.187,0.095,0.093,0.031,0.001,0.106,0.007,0.008,0.008
749,447,0.003,121,0,31,12,11.793,4.58,0,0.192,0.007,0.016,0.024,0,0.149,0.064,0.058,0.025,0,0.029,0.006,0.007,0.003
14564,5945,0,270,0,41,8,7.935,0.396,0,0.314,0,0.001,0.009,0,0.214,0.121,0.118,0.023,0,0.093,0,0,0.002
7614,3662,0,201,0,35,10,10.138,3.719,0,0.535,0,0.002,0.014,0,0.191,0.099,0.095,0.029,0,0.096,0,0.001,0.002
5733,2836,0,694,0,33,12,12.715,4.913,0,0.312,0,0.003,0.012,0,0.135,0.071,0.062,0.032,0,0.053,0.001,0.001,0.002
1537,768,0.002,88,0,25,9,9.54,3.081,0,0.212,0.004,0.009,0.019,0,0.161,0.095,0.089,0.03,0,0.037,0.005,0.005,0.003
923,458,0.004,47,0,29,11,11.073,4.714,0,0.226,0.006,0.018,0.032,0,0.144,0.079,0.08,0.029,0,0.067,0.006,0.008,0.006
44,33,0.041,21,0,11,4,4.479,2.503,0,0.233,0.051,0.06,0.048,0,0.242,0.111,0.114,0.063,0,0.156,0.093,0.083,0.031
574,308,0.006,39,0,25,9,8.61,0.996,0,0.303,0.009,0.023,0.04,0,0.149,0.096,0.089,0.031,0,0.078,0.009,0.012,0.008
5314,2784,0,310,0,34,12,11.641,3.575,0,0.469,0.001,0.003,0.014,0,0.149,0.08,0.076,0.028,0,0.04,0.001,0.001,0.001
1318,752,0.002,85,0,35,13,12.644,1.371,0,0.507,0.005,0.014,0.031,0,0.128,0.065,0.065,0.022,0,0.049,0.003,0.004,0.003
1790,909,0.002,198,0,39,9,8.658,1.076,0,0.161,0.001,0.006,0.014,0,0.128,0.075,0.063,0.032,0,0.042,0.003,0.004,0.003
1894,1083,0.001,199,0,34,13,12.771,4.295,0,0.197,0.003,0.008,0.015,0,0.122,0.07,0.064,0.028,0,0.025,0.002,0.003,0.001
8603,4061,0,116,0,51,13,13.186,4.389,0,0.28,0,0.002,0.01,0,0.142,0.077,0.076,0.016,0,0.04,0,0.001,0.001
2428,1207,0.001,226,0,38,9,8.962,0.973,0,0.196,0.001,0.005,0.015,0,0.142,0.078,0.067,0.032,0,0.052,0.002,0.003,0.003
3795,1662,0.001,184,0,35,8,7.914,0.754,0,0.252,0.001,0.003,0.016,0,0.204,0.106,0.103,0.032,0,0.107,0.002,0.002,0.005
304,164,0.011,51,0,21,7,6.124,1.2,0,0.209,0.01,0.022,0.033,0,0.166,0.082,0.067,0.039,0,0.073,0.024,0.022,0.01
8182,3417,0,104,0,35,9,9.88,3.409,0,0.268,0,0.002,0.011,0,0.19,0.104,0.102,0.024,0,0.052,0.001,0.001,0.002
2826,1420,0.001,81,0,27,10,9.911,3.241,0,0.562,0.002,0.005,0.022,0,0.189,0.098,0.096,0.027,0,0.071,0.002,0.002,0.003
6691,2974,0,313,0,38,9,8.81,2.951,0,0.261,0,0.002,0.01,0,0.179,0.104,0.096,0.033,0,0.075,0.001,0.001,0.002
4202,2372,0,604,0,32,12,12.472,4.214,0,0.377,0.001,0.003,0.012,0,0.16,0.063,0.058,0.032,0,0.054,0.001,0.001,0.001
679,366,0.005,51,0,21,9,8.889,3.039,0,0.317,0.01,0.016,0.027,0,0.168,0.097,0.09,0.033,0,0.065,0.008,0.01,0.005
2266,836,0.003,103,0,34,11,11.578,1.29,0,0.53,0.001,0.011,0.037,0,0.141,0.077,0.071,0.025,0,0.161,0.003,0.006,0.014
103,73,0.019,62,0,10,3,3.374,2.309,0,0.033,0.001,0.004,0.007,0,0.137,0.034,0.036,0.025,0,0.125,0.041,0.039,0.019
963,540,0.003,61,0,49,15,17.44,10.361,0,0.363,0.004,0.024,0.06,0,0.094,0.055,0.05,0.022,0,0.085,0.005,0.006,0.005
6511,3319,0,525,0,36,12,12.314,4.222,0,0.391,0.001,0.002,0.011,0,0.154,0.069,0.066,0.029,0,0.051,0,0.001,0.001
1178,604,0.003,93,0,30,11,10.936,4.23,0,0.277,0.005,0.013,0.025,0,0.156,0.083,0.076,0.031,0,0.039,0.004,0.006,0.004
1675,936,0.001,234,0,32,12,11.626,4.271,0,0.188,0.002,0.007,0.015,0,0.119,0.066,0.054,0.031,0,0.026,0.003,0.003,0.002
1205,595,0.003,99,0,25,9,9.407,3.348,0,0.439,0.004,0.011,0.029,0,0.178,0.093,0.085,0.033,0,0.053,0.006,0.006,0.004
70,47,0.032,20,0,16,6,5.626,3.063,0,0.359,0.023,0.057,0.085,0,0.212,0.093,0.098,0.051,0,0.217,0.065,0.064,0.035
547,289,0.006,48,0,20,8,7.21,0.805,0,0.309,0.009,0.019,0.036,0,0.19,0.106,0.099,0.037,0,0.072,0.01,0.013,0.008
650,356,0.005,120,0,28,9,7.905,1.584,0,0.268,0.006,0.016,0.026,0,0.127,0.07,0.063,0.033,0,0.061,0.008,0.01,0.006
3463,1833,0.001,293,0,41,11,11.129,1.229,0,0.207,0.002,0.005,0.012,0,0.14,0.069,0.068,0.027,0,0.034,0.001,0.002,0.002
2445,1226,0.001,136,0,42,11,10.976,3.899,0,0.204,0.002,0.006,0.015,0,0.134,0.083,0.078,0.024,0,0.029,0.002,0.003,0.002
448,247,0.007,78,0,22,7.5,6.633,1.398,0,0.268,0.005,0.016,0.034,0,0.229,0.074,0.069,0.046,0,0.117,0.012,0.014,0.011
727,420,0.004,232,0,34,9,9.788,5.007,0,0.177,0.002,0.008,0.018,0,0.143,0.057,0.046,0.036,0,0.045,0.007,0.008,0.005
9659,3473,0,101,0,36,9,9.858,0.428,0,0.257,0,0.002,0.011,0,0.194,0.104,0.101,0.025,0,0.055,0.001,0.001,0.003
3458,1816,0.001,158,0,35,12,12.566,3.945,0,0.23,0.002,0.005,0.012,0,0.137,0.075,0.073,0.022,0,0.029,0.001,0.002,0.001
2885,1362,0.001,148,0,33,12,12.315,4.024,0,0.361,0.001,0.007,0.021,0,0.125,0.075,0.073,0.018,0,0.099,0.002,0.003,0.005
17327,7977,0,1509,0,667,12,12.995,19.111,0,0.213,0,0.001,0.005,0,0.132,0.07,0.061,0.03,0,0.037,0,0,0.001
306,186,0.008,65,0,33,11,11.428,6.574,0,0.225,0.003,0.022,0.036,0,0.099,0.038,0.039,0.023,0,0.048,0.016,0.017,0.007
615,351,0.005,95,0,35,9,10.788,6.689,0,0.287,0.005,0.018,0.034,0,0.184,0.081,0.075,0.047,0,0.08,0.008,0.01,0.008
374,200,0.009,30,0,17,7,7.484,2.841,0,0.354,0.018,0.024,0.037,0,0.242,0.112,0.104,0.046,0,0.1,0.02,0.018,0.01
1367,622,0.003,96,0,29,11,10.733,4.156,0,0.306,0.004,0.012,0.027,0,0.139,0.084,0.077,0.028,0,0.111,0.006,0.007,0.007
4768,2473,0,197,0,37,13,12.724,3.922,0,0.175,0.001,0.004,0.01,0,0.131,0.077,0.073,0.02,0,0.022,0.001,0.001,0.001
278,181,0.008,64,0,37,11,11.64,6.606,0,0.167,0.011,0.028,0.036,0,0.091,0.049,0.044,0.022,0,0.044,0.016,0.017,0.006
1288,674,0.002,104,0,25,10,9.123,0.966,0,0.273,0.005,0.011,0.023,0,0.151,0.082,0.079,0.027,0,0.034,0.005,0.005,0.003
10696,5940,0,1067,0,83,24,24.743,9.495,0,0.3,0,0.002,0.01,0,0.227,0.034,0.031,0.014,0,0.045,0,0,0
393,229,0.007,82,0,18,8,7.999,3.008,0,0.194,0.01,0.018,0.026,0,0.145,0.092,0.078,0.039,0,0.048,0.013,0.015,0.007
72,59,0.021,47,0,9,3,3.128,2.23,0,0.035,0.001,0.005,0.008,0,0.152,0.039,0.039,0.032,0,0.103,0.051,0.042,0.021
440,236,0.007,30,0,20,8,7.431,0.71,0,0.14,0.017,0.024,0.025,0,0.163,0.106,0.097,0.037,0,0.042,0.017,0.015,0.006
1661,968,0.001,99,0,35,14,14.24,4.995,0,0.347,0.004,0.011,0.023,0,0.136,0.065,0.063,0.022,0,0.04,0.003,0.003,0.002
143,103,0.013,51,0,16,5,5.239,3.414,0,0.053,0.002,0.007,0.012,0,0.086,0.036,0.034,0.021,0,0.058,0.029,0.027,0.01
7708,4027,0,638,0,37,12,12.144,3.852,0,0.257,0,0.002,0.008,0,0.165,0.073,0.069,0.025,0,0.043,0,0,0.001
941,516,0.003,91,0,32,14,13.377,5.773,0,0.306,0.004,0.017,0.033,0,0.109,0.06,0.056,0.025,0,0.071,0.005,0.007,0.005
314,168,0.011,51,0,21,8,8.053,3.835,0,0.21,0.01,0.022,0.033,0,0.165,0.081,0.067,0.039,0,0.071,0.02,0.022,0.01
2004,1027,0.001,91,0,22,9,8.46,0.586,0,0.705,0.002,0.006,0.031,0,0.227,0.104,0.101,0.037,0,0.102,0.002,0.003,0.004
119,88,0.015,48,0,27,7,8.039,5.083,0,0.148,0.006,0.027,0.04,0,0.108,0.048,0.046,0.027,0,0.057,0.034,0.031,0.012
1011,451,0.004,67,0,28,11,11.442,5.093,0,0.242,0.006,0.018,0.036,0,0.12,0.076,0.072,0.024,0,0.122,0.006,0.009,0.009
4540,2009,0.001,248,0,38,9,9.1,3.367,0,0.257,0,0.003,0.014,0,0.207,0.105,0.099,0.034,0,0.082,0.001,0.002,0.003
251,147,0.011,61,0,22,8,6.127,1.805,0,0.245,0.006,0.027,0.049,0,0.138,0.064,0.057,0.027,0,0.082,0.02,0.023,0.012
1029,615,0.002,173,0,48,16,16.663,8.006,0,0.258,0.002,0.016,0.035,0,0.098,0.047,0.041,0.022,0,0.053,0.004,0.005,0.004
1180,601,0.003,41,0,22,9,9.263,2.975,0,0.228,0.007,0.012,0.021,0,0.164,0.103,0.098,0.028,0,0.045,0.005,0.006,0.004
1875,896,0.002,136,0,24,8,8.396,2.881,0,0.287,0.002,0.006,0.018,0,0.182,0.099,0.09,0.038,0,0.09,0.004,0.004,0.005
1642,818,0.002,134,0,38,9,8.823,1.26,0,0.296,0.003,0.008,0.021,0,0.139,0.081,0.075,0.03,0,0.045,0.004,0.004,0.004
2682,1385,0.001,50,0,46,13,14.668,1.534,0,0.484,0.001,0.009,0.029,0,0.116,0.072,0.066,0.019,0,0.063,0.002,0.002,0.003
44,39,0.029,38,0,9,3,2.791,2.005,0,0.038,0.004,0.009,0.01,0,0.134,0.045,0.051,0.031,0,0.105,0.052,0.059,0.028
8168,3484,0,397,0,34,11,11.08,3.563,0,0.299,0,0.002,0.01,0,0.173,0.083,0.08,0.028,0,0.055,0,0.001,0.002
307,177,0.009,59,0,28,9,9.746,5.252,0,0.208,0.011,0.027,0.038,0,0.129,0.066,0.059,0.032,0,0.079,0.017,0.019,0.009
1905,660,0.004,103,0,29,8,8.287,3.919,0,0.547,0.002,0.007,0.032,0,0.214,0.108,0.094,0.048,0,0.159,0.006,0.008,0.012
647,352,0.005,51,0,24,9,9.447,3.632,0,0.254,0.011,0.019,0.028,0,0.155,0.096,0.087,0.032,0,0.065,0.008,0.01,0.006
8522,3470,0,178,0,36,10,10.172,3.382,0,0.261,0,0.002,0.011,0,0.17,0.099,0.096,0.023,0,0.055,0.001,0.001,0.002
155,113,0.012,64,0,21,3,3.818,1.699,0,0.082,0.001,0.009,0.018,0,0.091,0.035,0.031,0.018,0,0.071,0.026,0.024,0.009
14415,6140,0,370,0,40,8,8.142,2.495,0,0.297,0,0.001,0.008,0,0.208,0.119,0.114,0.027,0,0.091,0,0,0.002
1869,874,0.002,177,0,47,16,16.585,8.027,0,0.409,0.001,0.013,0.039,0,0.173,0.05,0.049,0.024,0,0.183,0.003,0.004,0.01
23,23,0.045,23,0,4,1,1.159,1.085,0,0.012,0,0.003,0.004,0,0.175,0.06,0.056,0.045,0,0.136,0.09,0.09,0.037
870,425,0.004,42,0,27,11,10.949,4.487,0,0.211,0.007,0.02,0.032,0,0.133,0.082,0.079,0.026,0,0.075,0.009,0.009,0.006
560,296,0.006,123,0,25,6,6.249,1.369,0,0.232,0.004,0.014,0.033,0,0.173,0.085,0.075,0.036,0,0.138,0.01,0.012,0.013
2422,1185,0.001,76,0,30,8,8.322,0.678,0,0.702,0.002,0.005,0.029,0,0.262,0.111,0.112,0.04,0,0.141,0.002,0.003,0.005
378,227,0.007,40,0,33,10,9.827,1.899,0,0.275,0.017,0.035,0.043,0,0.121,0.072,0.069,0.028,0,0.061,0.013,0.014,0.007
32,29,0.039,28,0,9,2,2.595,2.05,0,0.055,0.002,0.013,0.017,0,0.174,0.057,0.062,0.044,0,0.142,0.071,0.078,0.039
51,48,0.022,48,0,14,5,5.218,3.718,0,0.059,0.015,0.02,0.02,0,0.104,0.041,0.045,0.029,0,0.106,0.042,0.045,0.021
867,421,0.004,38,0,27,11,11.027,4.586,0,0.208,0.007,0.02,0.031,0,0.134,0.082,0.079,0.025,0,0.076,0.009,0.009,0.006
563,297,0.006,122,0,25,8,8.315,3.996,0,0.236,0.003,0.014,0.034,0,0.172,0.086,0.075,0.036,0,0.138,0.01,0.012,0.013
1901,954,0.002,68,0,24,10,9.98,3.133,0,0.392,0.003,0.008,0.022,0,0.171,0.094,0.088,0.031,0,0.059,0.003,0.004,0.003
1627,855,0.002,236,0,29,10,8.79,1.229,0,0.324,0.002,0.008,0.021,0,0.118,0.071,0.065,0.023,0,0.038,0.003,0.004,0.003
1579,791,0.002,49,0,23,10,9.686,3.049,0,0.297,0.005,0.01,0.022,0,0.162,0.098,0.096,0.024,0,0.059,0.003,0.005,0.004
3865,1959,0.001,77,0,44,12,12.017,0.71,0,0.385,0.001,0.005,0.018,0,0.163,0.082,0.081,0.023,0,0.047,0.001,0.002,0.002
4710,2182,0,218,0,43,12,12.021,0.877,0,0.284,0.001,0.004,0.012,0,0.137,0.076,0.071,0.023,0,0.05,0.001,0.001,0.002
8763,4296,0,135,0,37,11,11.194,4.098,0,0.315,0,0.002,0.011,0,0.184,0.092,0.091,0.026,0,0.055,0,0,0.001
36,32,0.036,31,0,9,2,2.548,2.008,0,0.045,0.002,0.01,0.014,0,0.157,0.052,0.057,0.038,0,0.129,0.064,0.072,0.033
1446,729,0.002,137,0,48,15,14.686,2.579,0,0.214,0.004,0.016,0.028,0,0.122,0.046,0.046,0.02,0,0.028,0.004,0.005,0.003
5248,2169,0.001,171,0,23,7,7.668,2.389,0,0.263,0,0.002,0.014,0,0.223,0.125,0.121,0.029,0,0.095,0.001,0.002,0.005
1372,774,0.002,229,0,29,8,7.315,1.067,0,0.234,0.002,0.007,0.019,0,0.154,0.084,0.076,0.032,0,0.068,0.003,0.004,0.005
2643,1417,0.001,274,0,31,11,11.193,3.749,0,0.311,0.002,0.005,0.015,0,0.126,0.077,0.073,0.02,0,0.048,0.002,0.002,0.002
4215,1908,0.001,297,0,36,9,9.569,3.888,0,0.261,0.001,0.003,0.013,0,0.19,0.096,0.088,0.036,0,0.061,0.002,0.002,0.003
213,137,0.011,71,0,18,7,7.588,3.828,0,0.154,0.004,0.017,0.029,0,0.163,0.049,0.05,0.03,0,0.066,0.022,0.022,0.009
2556,1235,0.001,195,0,40,11,10.965,4.186,0,0.271,0.002,0.006,0.017,0,0.166,0.085,0.078,0.032,0,0.041,0.003,0.003,0.003
1389,828,0.002,255,0,33,13,10.62,1.815,0,0.226,0.003,0.009,0.019,0,0.09,0.051,0.047,0.02,0,0.019,0.003,0.004,0.002
595,325,0.005,62,0,31,11,10.106,1.809,0,0.222,0.008,0.024,0.04,0,0.127,0.077,0.069,0.03,0,0.064,0.009,0.011,0.006
1991,991,0.002,141,0,30,9,9.761,3.912,0,0.396,0.002,0.007,0.022,0,0.205,0.094,0.089,0.041,0,0.108,0.003,0.004,0.005
134,94,0.015,58,0,14,5,5.072,3.175,0,0.088,0.004,0.009,0.016,0,0.162,0.036,0.043,0.034,0,0.118,0.032,0.03,0.018
2252,1165,0.001,103,0,28,10,9.894,3.112,0,0.371,0.003,0.006,0.022,0,0.173,0.096,0.091,0.03,0,0.046,0.002,0.003,0.003
42,36,0.033,35,0,9,2,2.598,1.986,0,0.04,0.003,0.009,0.011,0,0.139,0.048,0.054,0.035,0,0.114,0.057,0.066,0.029
2097,1451,0,663,0,34,10,8.106,1.716,0,0.099,0,0.002,0.007,0,0.082,0.04,0.031,0.025,0,0.024,0.002,0.001,0.001
1581,754,0.002,110,0,35,11,11.323,1.417,0,0.324,0.004,0.012,0.027,0,0.142,0.072,0.068,0.027,0,0.073,0.003,0.005,0.005
341,205,0.008,78,0,35,12,13.145,7.432,0,0.248,0.009,0.032,0.055,0,0.144,0.046,0.044,0.022,0,0.044,0.014,0.016,0.006
204,145,0.009,74,0,26,8,8.873,5.527,0,0.187,0.003,0.019,0.038,0,0.192,0.036,0.049,0.043,0,0.076,0.02,0.019,0.01
3865,1959,0.001,77,0,44,12,12.017,0.71,0,0.385,0.001,0.005,0.018,0,0.163,0.082,0.081,0.023,0,0.047,0.001,0.002,0.002
1419,720,0.002,52,0,24,10,9.672,0.596,0,0.346,0.006,0.011,0.023,0,0.165,0.092,0.089,0.025,0,0.036,0.005,0.005,0.003
1066,611,0.002,145,0,48,16,16.436,7.727,0,0.239,0.005,0.017,0.027,0,0.125,0.045,0.045,0.023,0,0.034,0.004,0.005,0.003
1536,797,0.002,111,0,37,12,12.852,5.103,0,0.212,0.004,0.012,0.021,0,0.13,0.071,0.066,0.026,0,0.046,0.003,0.004,0.002
361,222,0.007,117,0,30,8,10.465,6.77,0,0.17,0.003,0.016,0.032,0,0.136,0.035,0.041,0.026,0,0.104,0.013,0.014,0.01
5765,2882,0,343,0,36,12,11.971,3.778,0,0.188,0.001,0.003,0.01,0,0.133,0.08,0.075,0.024,0,0.023,0.001,0.001,0.001
1374,791,0.002,276,0,32,11,11.29,5.492,0,0.082,0,0.004,0.011,0,0.083,0.038,0.033,0.02,0,0.044,0.003,0.004,0.004
546,292,0.006,73,0,19,8,8.148,3.144,0,0.294,0.004,0.016,0.034,0,0.147,0.09,0.081,0.032,0,0.127,0.013,0.012,0.011
2425,1357,0.001,383,0,38,14,14.036,5.118,0,0.206,0.001,0.006,0.014,0,0.115,0.056,0.048,0.025,0,0.025,0.002,0.002,0.002
3038,1547,0.001,177,0,36,11,11.884,4.116,0,0.208,0.002,0.006,0.015,0,0.144,0.082,0.076,0.028,0,0.023,0.001,0.002,0.002
2204,1187,0.001,65,0,33,14,14.173,4.691,0,0.403,0.002,0.01,0.025,0,0.135,0.067,0.065,0.018,0,0.099,0.002,0.003,0.004
78,66,0.018,65,0,12,3,3.504,2.594,0,0.037,0.001,0.005,0.009,0,0.091,0.034,0.033,0.022,0,0.061,0.03,0.036,0.017
8211,3888,0,887,0,39,11,11.684,3.655,0,0.438,0,0.002,0.014,0,0.217,0.076,0.069,0.033,0,0.093,0,0.001,0.002
1072,531,0.003,129,0,30,6,7.201,3.899,0,0.42,0.001,0.005,0.027,0,0.222,0.097,0.076,0.051,0,0.198,0.007,0.007,0.012
6818,3085,0,261,0,36,9,9.235,2.911,0,0.273,0,0.002,0.011,0,0.186,0.105,0.101,0.028,0,0.047,0.001,0.001,0.002
3559,1570,0.001,77,0,30,10,10.279,3.481,0,0.313,0.002,0.005,0.016,0,0.164,0.097,0.093,0.023,0,0.047,0.002,0.002,0.003
126,88,0.016,51,0,20,6,5.886,3.446,0,0.123,0.005,0.018,0.027,0,0.141,0.05,0.056,0.038,0,0.068,0.034,0.032,0.014
576,314,0.005,62,0,26,9,9.597,3.784,0,0.274,0.009,0.019,0.031,0,0.143,0.087,0.076,0.036,0,0.06,0.009,0.011,0.006
948,476,0.004,83,0,24,8,7.263,1.138,0,0.377,0.004,0.011,0.029,0,0.188,0.096,0.088,0.038,0,0.105,0.006,0.008,0.009
52,45,0.026,44,0,9,2,2.338,1.883,0,0.02,0.002,0.004,0.005,0,0.12,0.036,0.04,0.027,0,0.09,0.045,0.052,0.022
65,56,0.021,46,0,9,1.25,1.768,0.701,0,0.091,0,0.008,0.017,0,0.165,0.028,0.05,0.043,0,0.127,0.036,0.042,0.026
11283,5993,0,1268,0,67,13,14.854,6.947,0,0.308,0,0.001,0.007,0,0.141,0.057,0.049,0.029,0,0.037,0,0,0.001
1063,623,0.002,290,0,40,10,10.913,4.944,0,0.199,0.001,0.006,0.014,0,0.154,0.045,0.037,0.031,0,0.086,0.004,0.005,0.004
875,512,0.003,91,0,47,14,15.48,8.036,0,0.237,0.006,0.022,0.04,0,0.103,0.06,0.054,0.022,0,0.058,0.005,0.006,0.004
5468,2692,0,106,0,35,12,11.832,0.604,0,0.482,0.001,0.003,0.015,0,0.164,0.082,0.082,0.022,0,0.06,0.001,0.001,0.002
17441,8158,0,1739,0,667,11,12.87,19.11,0,0.202,0,0,0.005,0,0.13,0.068,0.058,0.031,0,0.036,0,0,0.001
2093,1011,0.002,120,0,28,9,9.013,0.657,0,0.323,0.002,0.007,0.022,0,0.182,0.097,0.09,0.033,0,0.07,0.003,0.004,0.004
252,138,0.013,41,0,21,7,7.974,3.895,0,0.203,0.019,0.031,0.038,0,0.186,0.088,0.081,0.046,0,0.072,0.029,0.026,0.011
1014,557,0.003,105,0,30,13,12.568,4.815,0,0.325,0.007,0.016,0.032,0,0.118,0.068,0.064,0.024,0,0.032,0.005,0.006,0.003
1948,982,0.002,80,0,39,11,11.106,0.98,0,0.238,0.003,0.009,0.02,0,0.136,0.08,0.075,0.026,0,0.053,0.003,0.004,0.004
398,247,0.006,68,0,30,11,11.49,5.841,0,0.194,0.009,0.025,0.039,0,0.148,0.056,0.059,0.037,0,0.056,0.012,0.013,0.006
5081,2775,0,589,0,44,14,14.512,5.353,0,0.16,0.001,0.003,0.01,0,0.136,0.058,0.055,0.023,0,0.039,0.001,0.001,0.001
2645,1200,0.001,50,0,27,11,10.958,3.842,0,0.287,0.002,0.007,0.022,0,0.162,0.096,0.092,0.023,0,0.133,0.002,0.003,0.006
408,254,0.006,57,0,29,11,11.134,4.954,0,0.284,0.007,0.026,0.041,0,0.128,0.07,0.061,0.032,0,0.035,0.011,0.012,0.005
10761,4977,0,207,0,35,12,11.903,3.787,0,0.42,0,0.002,0.012,0,0.199,0.085,0.083,0.021,0,0.062,0,0,0.001
1945,1049,0.001,180,0,34,14,13.547,4.575,0,0.116,0.004,0.008,0.013,0,0.116,0.063,0.057,0.025,0,0.033,0.002,0.003,0.002
223,151,0.009,38,0,28,11,11.274,5.448,0,0.232,0.007,0.044,0.057,0,0.113,0.064,0.058,0.026,0,0.04,0.02,0.019,0.007
1776,1023,0.001,257,0,37,12,12.932,5.085,0,0.275,0.002,0.008,0.019,0,0.121,0.064,0.057,0.029,0,0.036,0.002,0.003,0.002
3287,1571,0.001,116,0,35,12.5,12.372,0.963,0,0.169,0.002,0.006,0.013,0,0.13,0.069,0.067,0.024,0,0.021,0.002,0.002,0.001
2151,1001,0.002,134,0,37,9,8.916,3.29,0,0.229,0.001,0.006,0.019,0,0.175,0.099,0.092,0.031,0,0.063,0.004,0.004,0.005
908,504,0.003,61,0,33,10,10.588,4.28,0,0.333,0.007,0.015,0.03,0,0.146,0.088,0.082,0.028,0,0.039,0.005,0.007,0.004
20082,8662,0,3524,0,78,14,14.643,5.722,0,0.122,0,0,0.003,0,0.162,0.04,0.032,0.023,0,0.038,0,0,0.001
1731,848,0.002,88,0,28,10,10.436,3.599,0,0.355,0.003,0.009,0.023,0,0.167,0.089,0.086,0.027,0,0.061,0.004,0.004,0.004
438,256,0.006,45,0,31,11,11.248,5.303,0,0.313,0.012,0.03,0.048,0,0.157,0.073,0.071,0.034,0,0.054,0.011,0.013,0.006
306,195,0.008,78,0,30,10,10.371,5.153,0,0.125,0.004,0.02,0.03,0,0.093,0.052,0.043,0.026,0,0.03,0.015,0.016,0.005
1057,624,0.002,173,0,48,15,12.97,2.956,0,0.232,0.002,0.015,0.032,0,0.1,0.05,0.043,0.023,0,0.064,0.004,0.005,0.004
1626,832,0.002,99,0,28,10,10.051,3.519,0,0.274,0.004,0.009,0.024,0,0.163,0.091,0.088,0.026,0,0.043,0.003,0.004,0.003
12380,7026,0,1882,0,58,15,15.816,5.743,0,0.21,0,0.001,0.006,0,0.144,0.047,0.04,0.024,0,0.029,0,0,0
351,219,0.007,72,0,25,10,9.876,5.118,0,0.109,0.002,0.012,0.021,0,0.109,0.034,0.035,0.02,0,0.045,0.013,0.014,0.005
319,289,0.003,230,0,17,4,4.913,3.696,0,0.005,0,0,0,0,0.049,0.006,0.006,0.006,0,0.038,0.006,0.007,0.004
218,162,0.008,81,0,60,17,18.855,12.563,0,0.21,0.026,0.053,0.061,0,0.086,0.029,0.03,0.014,0,0.068,0.015,0.016,0.007
4959,2270,0,306,0,39,9,9.115,3.132,0,0.228,0,0.002,0.011,0,0.162,0.096,0.088,0.032,0,0.045,0.001,0.001,0.002
753,410,0.004,61,0,34,11,11.702,5.152,0,0.31,0.009,0.021,0.037,0,0.133,0.077,0.073,0.028,0,0.048,0.007,0.008,0.005
242,165,0.008,74,0,25,10,10.083,5.455,0,0.159,0.003,0.019,0.032,0,0.087,0.037,0.037,0.022,0,0.048,0.018,0.017,0.006
17647,7841,0,837,0,32,10,10.381,3.093,0,0.262,0,0.001,0.007,0,0.169,0.09,0.085,0.03,0,0.036,0,0,0.001
2264,1074,0.001,63,0,24,10,9.904,3.195,0,0.312,0.003,0.007,0.019,0,0.174,0.1,0.095,0.025,0,0.053,0.003,0.003,0.003
5575,2345,0.001,240,0,31,8,8.378,3.111,0,0.246,0,0.002,0.013,0,0.199,0.116,0.109,0.033,0,0.09,0.001,0.002,0.004
16034,7471,0,705,0,70,13,15.5,8.598,0,0.48,0,0.001,0.009,0,0.179,0.063,0.058,0.024,0,0.037,0,0,0
3151,1662,0.001,612,0,56,19,20.364,9.411,0,0.244,0.001,0.006,0.018,0,0.145,0.034,0.028,0.017,0,0.086,0.001,0.002,0.002
268,158,0.01,41,0,25,8,8.033,1.757,0,0.361,0.013,0.034,0.062,0,0.253,0.066,0.072,0.048,0,0.222,0.019,0.021,0.019
1374,812,0.002,254,0,36,12,10.615,1.671,0,0.275,0.002,0.009,0.02,0,0.111,0.058,0.051,0.029,0,0.043,0.003,0.004,0.003
1971,1005,0.001,128,0,43,11,11.661,4.497,0,0.22,0.003,0.008,0.018,0,0.123,0.076,0.072,0.023,0,0.035,0.002,0.003,0.003
261,163,0.009,36,0,23,8,8.273,3.52,0,0.231,0.016,0.03,0.039,0,0.141,0.092,0.082,0.037,0,0.061,0.018,0.019,0.008
78,65,0.018,53,0,9,3,3.145,2.126,0,0.021,0.002,0.004,0.005,0,0.09,0.038,0.036,0.021,0,0.062,0.031,0.037,0.017
3217,1666,0.001,152,0,30,11,10.611,0.706,0,0.364,0.002,0.005,0.015,0,0.148,0.083,0.081,0.025,0,0.051,0.001,0.002,0.002
173,114,0.013,38,0,20,7,5.94,1.248,0,0.211,0.008,0.033,0.042,0,0.143,0.08,0.071,0.036,0,0.079,0.026,0.026,0.011
5119,2307,0,458,0,50,15,14.346,1.507,0,0.236,0.001,0.004,0.013,0,0.119,0.056,0.051,0.025,0,0.084,0.001,0.001,0.003
292,173,0.009,56,0,27,9,9.294,4.537,0,0.252,0.011,0.028,0.038,0,0.142,0.07,0.068,0.037,0,0.069,0.017,0.019,0.009
7228,3313,0,258,0,36,9,9.296,2.892,0,0.284,0,0.002,0.011,0,0.186,0.105,0.101,0.027,0,0.053,0.001,0.001,0.002
1389,837,0.001,256,0,33,14,14.083,5.262,0,0.234,0.003,0.009,0.019,0,0.089,0.05,0.046,0.02,0,0.019,0.003,0.003,0.002
6935,3209,0,225,0,32,10,10.31,0.49,0,0.292,0,0.002,0.011,0,0.169,0.092,0.087,0.025,0,0.037,0,0.001,0.001
11283,5993,0,1268,0,67,13,14.854,6.947,0,0.308,0,0.001,0.007,0,0.141,0.057,0.049,0.029,0,0.037,0,0,0.001
1769,952,0.001,180,0,39,13,13.199,5.174,0,0.226,0.002,0.009,0.021,0,0.118,0.067,0.06,0.03,0,0.03,0.003,0.003,0.002
7197,3309,0,267,0,36,9,9.28,2.895,0,0.294,0,0.002,0.011,0,0.187,0.105,0.101,0.027,0,0.054,0.001,0.001,0.002
3098,1711,0.001,285,0,41,13,13.659,5.024,0,0.233,0.001,0.005,0.014,0,0.121,0.062,0.057,0.025,0,0.029,0.001,0.002,0.001
444,290,0.005,16,0,36,13.5,13.215,1.114,0,0.451,0.019,0.039,0.06,0,0.15,0.068,0.07,0.027,0,0.044,0.01,0.01,0.005
3509,1718,0.001,238,0,38,12,11.623,0.897,0,0.19,0.002,0.005,0.013,0,0.135,0.075,0.071,0.025,0,0.045,0.001,0.002,0.002
1943,988,0.001,261,0,31,11,11.355,3.971,0,0.3,0.002,0.007,0.019,0,0.116,0.069,0.064,0.022,0,0.039,0.003,0.003,0.003
757,419,0.004,69,0,24,9,9.613,3.934,0,0.382,0.005,0.014,0.035,0,0.173,0.088,0.076,0.039,0,0.076,0.007,0.008,0.006
3420,1553,0.001,68,0,31,10,10.344,3.481,0,0.323,0.002,0.005,0.016,0,0.161,0.095,0.092,0.022,0,0.047,0.002,0.002,0.003
6303,3023,0,620,0,34,11,11.66,4.235,0,0.292,0,0.002,0.012,0,0.142,0.078,0.069,0.032,0,0.068,0,0.001,0.002
261,168,0.009,69,0,19,8,8.074,3.544,0,0.283,0.006,0.02,0.039,0,0.144,0.072,0.062,0.034,0,0.077,0.017,0.018,0.009
4926,3304,0,1498,0,35,11,11.208,4.108,0,0.18,0,0.001,0.006,0,0.104,0.05,0.036,0.03,0,0.052,0,0,0.001
3584,1652,0.001,200,0,29,11,9.917,0.812,0,0.226,0.001,0.005,0.015,0,0.139,0.085,0.08,0.026,0,0.084,0.002,0.002,0.004
816,481,0.003,81,0,36,13,12.932,5.049,0,0.184,0.007,0.018,0.028,0,0.121,0.065,0.06,0.023,0,0.033,0.006,0.007,0.003
19703,9353,0,1478,0,101,12,12.988,5.903,0,0.231,0,0.001,0.005,0,0.151,0.069,0.064,0.027,0,0.017,0,0,0
1446,729,0.002,137,0,48,16,17.136,7.973,0,0.214,0.004,0.016,0.028,0,0.122,0.046,0.046,0.02,0,0.028,0.004,0.005,0.003
28982,13038,0,1018,0,34,9,9.396,2.96,0,0.205,0,0,0.005,0,0.186,0.104,0.099,0.03,0,0.046,0,0,0.001
19,20,0.05,20,0,4,0.5,0.74,0.455,0,0.017,0,0.004,0.005,0,0.203,0.07,0.062,0.054,0,0.157,0.105,0.1,0.052
3632,1880,0.001,253,0,31,12,11.687,3.502,0,0.178,0.001,0.004,0.011,0,0.133,0.078,0.073,0.025,0,0.029,0.001,0.002,0.001
839,478,0.003,67,0,49,11,12.471,6.776,0,0.425,0.006,0.017,0.034,0,0.166,0.071,0.066,0.038,0,0.079,0.006,0.007,0.005
10624,5308,0,380,0,50,15,15.482,5.702,0,0.327,0,0.002,0.01,0,0.112,0.063,0.061,0.019,0,0.019,0,0,0
1493,845,0.002,354,0,36,12,11.974,5.16,0,0.264,0.001,0.006,0.018,0,0.129,0.051,0.048,0.031,0,0.074,0.003,0.004,0.004
152,174,0.005,168,0,10,2,2.24,2.245,0,0.004,0,0,0,0,0.092,0.005,0.007,0.011,0,0.063,0.011,0.01,0.008
379,236,0.006,95,0,27,10,10.358,5.048,0,0.212,0.003,0.018,0.031,0,0.104,0.051,0.047,0.026,0,0.055,0.012,0.013,0.006
644,350,0.005,70,0,26,10,9.76,3.915,0,0.319,0.008,0.018,0.03,0,0.146,0.084,0.078,0.029,0,0.08,0.008,0.01,0.006
903,586,0.002,325,0,45,11,10.191,3.298,0,0.248,0.001,0.009,0.022,0,0.102,0.034,0.032,0.027,0,0.046,0.005,0.005,0.003
295,192,0.008,92,0,31,9,10.774,7.385,0,0.083,0.002,0.011,0.021,0,0.116,0.027,0.026,0.013,0,0.062,0.015,0.016,0.006
3692,1770,0.001,161,0,29,9,8.877,2.765,0,0.336,0.001,0.003,0.017,0,0.225,0.107,0.103,0.034,0,0.078,0.002,0.002,0.003
1628,655,0.003,68,0,29,9,10.498,5.139,0,0.282,0.004,0.012,0.032,0,0.157,0.095,0.087,0.031,0,0.105,0.006,0.007,0.008
3189,2239,0,1576,0,32,11,11.522,4.68,0,0.115,0,0,0.004,0,0.084,0,0.015,0.016,0,0.057,0.001,0.001,0.001
13146,6021,0,1408,0,33,9,9.638,3.26,0,0.278,0,0,0.007,0,0.173,0.083,0.072,0.039,0,0.052,0,0,0.001
4542,2433,0,458,0,59,15,16.628,7.092,0,0.188,0.001,0.004,0.012,0,0.111,0.054,0.048,0.022,0,0.017,0.001,0.001,0.001
176,123,0.011,121,0,13,5,5.039,2.951,0,0.063,0,0.004,0.011,0,0.125,0.029,0.027,0.018,0,0.262,0.016,0.023,0.026
17327,7977,0,1509,0,667,12,12.995,19.111,0,0.213,0,0.001,0.005,0,0.132,0.07,0.061,0.03,0,0.037,0,0,0.001
293,176,0.009,52,0,34,10,11.298,6.673,0,0.242,0.01,0.036,0.055,0,0.152,0.063,0.06,0.033,0,0.068,0.017,0.019,0.009
16687,8844,0,530,0,293,22,22.187,8.758,0,0.334,0,0.002,0.01,0,0.092,0.043,0.042,0.015,0,0.054,0,0,0.001
1363,809,0.002,257,0,37,13,13.088,5.139,0,0.275,0.002,0.009,0.021,0,0.108,0.058,0.05,0.028,0,0.042,0.003,0.004,0.003
212,145,0.01,145,0,17,6,6.126,3.878,0,0.086,0.002,0.006,0.015,0,0.157,0.012,0.035,0.036,0,0.145,0.02,0.02,0.013
15474,6462,0,470,0,40,9,9.831,3.467,0,0.348,0,0.001,0.008,0,0.178,0.101,0.097,0.024,0,0.074,0,0,0.001
660,348,0.005,45,0,23,9,9.375,3.474,0,0.29,0.013,0.019,0.028,0,0.157,0.096,0.089,0.03,0,0.043,0.011,0.01,0.004
482,291,0.005,130,0,32,11,11.125,5.601,0,0.148,0.002,0.014,0.023,0,0.136,0.044,0.042,0.03,0,0.041,0.01,0.011,0.005
251,169,0.008,113,0,15,5,3.91,1.079,0,0.048,0.002,0.004,0.007,0,0.088,0.03,0.03,0.02,0,0.053,0.017,0.017,0.007
3097,2049,0,1047,0,78,16,19.597,13.241,0,0.029,0,0.001,0.003,0,0.029,0.006,0.006,0.006,0,0.01,0.001,0.001,0
2496,1287,0.001,118,0,32,12,11.929,4.185,0,0.335,0.003,0.007,0.018,0,0.162,0.079,0.078,0.025,0,0.037,0.002,0.003,0.002
6077,2692,0,205,0,37,8,8.632,2.784,0,0.292,0,0.002,0.013,0,0.186,0.11,0.106,0.029,0,0.082,0.001,0.001,0.003
260,165,0.009,36,0,23,8,8.595,3.7,0,0.237,0.016,0.031,0.042,0,0.141,0.089,0.079,0.036,0,0.06,0.018,0.019,0.008
11283,5993,0,1268,0,67,13,14.854,6.947,0,0.308,0,0.001,0.007,0,0.141,0.057,0.049,0.029,0,0.037,0,0,0.001
21015,9327,0,1787,0,208,14,15.813,15.684,0,0.194,0,0.001,0.004,0,0.145,0.061,0.055,0.025,0,0.017,0,0,0
2348,975,0.002,97,0,35,13,13.7,5.59,0,0.215,0.002,0.011,0.024,0,0.134,0.071,0.068,0.026,0,0.138,0.004,0.004,0.009
598,315,0.006,77,0,25,10,9.855,4.256,0,0.285,0.005,0.018,0.034,0,0.136,0.08,0.067,0.035,0,0.181,0.012,0.012,0.014
7199,3401,0,348,0,35,11,10.621,0.812,0,0.133,0,0.002,0.009,0,0.136,0.083,0.079,0.023,0,0.046,0,0.001,0.001
264,254,0.004,213,0,16,4,4.403,3.515,0,0.004,0,0,0,0,0.052,0.006,0.006,0.006,0,0.035,0.007,0.008,0.005
11283,5993,0,1268,0,67,13,14.854,6.947,0,0.308,0,0.001,0.007,0,0.141,0.057,0.049,0.029,0,0.037,0,0,0.001
845,437,0.004,88,0,30,10,10.891,5.714,0,0.338,0.004,0.016,0.036,0,0.184,0.081,0.077,0.037,0,0.082,0.006,0.008,0.007
4416,2405,0,402,0,64,18,18.708,8.098,0,0.39,0.001,0.005,0.017,0,0.091,0.049,0.044,0.021,0,0.024,0.001,0.001,0.001
6058,2931,0,200,0,41,13,13.084,4.867,0,0.355,0.001,0.003,0.014,0,0.167,0.074,0.075,0.025,0,0.028,0.001,0.001,0.001
5716,2529,0,300,0,32,10,9.892,3.241,0,0.271,0,0.003,0.012,0,0.156,0.095,0.09,0.026,0,0.047,0.001,0.001,0.002
237,149,0.01,71,0,30,7,6.988,2.271,0,0.162,0.006,0.024,0.035,0,0.2,0.039,0.051,0.043,0,0.067,0.02,0.021,0.01
901,466,0.004,119,0,47,16,16.723,8.985,0,0.252,0.004,0.021,0.041,0,0.091,0.047,0.041,0.022,0,0.045,0.006,0.008,0.005
1104,622,0.002,197,0,33,11,11.681,4.644,0,0.26,0.004,0.011,0.022,0,0.139,0.064,0.059,0.031,0,0.032,0.004,0.005,0.003
24206,11041,0,1987,0,44,15,15.731,4.396,0,0.163,0,0.001,0.005,0,0.182,0.058,0.052,0.021,0,0.054,0,0,0
1530,854,0.002,152,0,31,11,10.269,1.165,0,0.166,0.004,0.009,0.018,0,0.122,0.074,0.064,0.03,0,0.029,0.003,0.004,0.002
11773,5912,0,1178,0,34,11,10.85,3.531,0,0.334,0,0.001,0.008,0,0.154,0.085,0.073,0.036,0,0.052,0,0,0.001
1944,985,0.002,162,0,28,10,10.175,3.513,0,0.31,0.002,0.007,0.02,0,0.179,0.088,0.082,0.036,0,0.065,0.003,0.004,0.003
1441,683,0.003,71,0,24,8,7.758,0.758,0,0.405,0.003,0.009,0.027,0,0.194,0.103,0.1,0.03,0.001,0.108,0.005,0.006,0.007
3854,1753,0.001,212,0,36,9,9.002,3.215,0,0.272,0.001,0.003,0.015,0,0.2,0.104,0.097,0.032,0,0.068,0.002,0.002,0.003
8381,3693,0,178,0,43,10,10.712,4.157,0,0.214,0,0.002,0.009,0,0.16,0.097,0.092,0.024,0,0.037,0.001,0.001,0.001
4091,1815,0.001,103,0,35,8,8.543,2.849,0,0.361,0.001,0.003,0.017,0,0.201,0.116,0.113,0.028,0,0.125,0.001,0.002,0.004
481,269,0.006,48,0,36,13,13.489,6.445,0,0.293,0.01,0.035,0.06,0,0.132,0.063,0.058,0.027,0,0.055,0.011,0.013,0.007
720,367,0.005,41,0,24,10,9.846,3.801,0,0.212,0.009,0.019,0.029,0,0.15,0.088,0.085,0.029,0,0.098,0.008,0.01,0.009
23455,9953,0,1447,0,101,12,12.979,5.738,0,0.208,0,0,0.004,0,0.152,0.071,0.066,0.025,0,0.018,0,0,0
306,186,0.008,65,0,33,11,11.428,6.574,0,0.225,0.003,0.022,0.036,0,0.099,0.038,0.039,0.023,0,0.048,0.016,0.017,0.007
2716,1317,0.001,203,0,42,11,11.513,4.454,0,0.177,0.002,0.006,0.015,0,0.14,0.083,0.074,0.03,0,0.031,0.002,0.003,0.002
10711,5169,0,430,0,45,12,12.439,4.377,0,0.26,0,0.001,0.009,0,0.147,0.077,0.075,0.026,0,0.03,0,0,0.001
6935,3209,0,225,0,32,11,10.701,3.237,0,0.292,0,0.002,0.011,0,0.169,0.092,0.087,0.025,0,0.037,0,0.001,0.001
3068,1475,0.001,49,0,32,9,10.192,0.73,0,0.552,0.001,0.006,0.026,0,0.206,0.102,0.099,0.03,0,0.125,0.002,0.002,0.005
1486,876,0.001,255,0,35,13,13.47,5.357,0,0.301,0.002,0.009,0.021,0,0.115,0.057,0.051,0.028,0,0.041,0.003,0.003,0.002
7189,3299,0,283,0,36,9,9.217,2.882,0,0.281,0,0.002,0.011,0,0.186,0.106,0.101,0.028,0,0.054,0.001,0.001,0.002
3884,1767,0.001,737,0,64,11,14.247,8.695,0,0.276,0,0.003,0.017,0,0.104,0.041,0.034,0.028,0,0.284,0.001,0.002,0.011
1050,609,0.002,93,0,48,13,14.39,6.922,0,0.194,0.005,0.017,0.028,0,0.137,0.063,0.059,0.027,0,0.044,0.004,0.005,0.003
481,356,0.003,290,0,26,7,7.935,5.441,0,0.027,0,0.001,0.003,0,0.091,0.006,0.01,0.011,0,0.047,0.008,0.007,0.004
1475,1418,0,1227,0,48,10,12.068,9.282,0,0.003,0,0,0,0,0.075,0.001,0.002,0.003,0,0.059,0.001,0.001,0.001
798,439,0.004,115,0,23,8,7.019,0.975,0,0.248,0.005,0.011,0.024,0,0.154,0.084,0.077,0.033,0,0.054,0.006,0.008,0.006
536,325,0.005,99,0,31,13,12.642,5.867,0,0.179,0.003,0.016,0.03,0,0.111,0.046,0.038,0.023,0,0.04,0.009,0.01,0.004
3444,1574,0.001,214,0,49,9,10.188,5.059,0,0.329,0.001,0.004,0.017,0,0.152,0.093,0.086,0.03,0,0.111,0.002,0.002,0.004
1065,554,0.003,87,0,26,10,10.53,3.769,0,0.165,0.005,0.014,0.024,0,0.133,0.082,0.079,0.024,0,0.037,0.005,0.006,0.004
4568,2430,0,510,0,51,16,16.519,6.483,0,0.411,0.001,0.004,0.015,0,0.1,0.052,0.048,0.022,0,0.02,0.001,0.001,0.001
839,478,0.003,67,0,49,11,12.471,6.776,0,0.425,0.006,0.017,0.034,0,0.166,0.071,0.066,0.038,0,0.079,0.006,0.007,0.005
901,522,0.003,112,0,36,9,9.825,1.329,0,0.443,0.005,0.014,0.033,0,0.126,0.072,0.063,0.029,0,0.044,0.005,0.006,0.003
66,55,0.022,55,0,6,2,1.871,1.432,0,0.01,0,0.001,0.002,0,0.16,0.024,0.034,0.029,0,0.111,0.037,0.044,0.02
549,322,0.005,46,0,26,10,9.47,1.142,0,0.325,0.013,0.023,0.035,0,0.164,0.08,0.076,0.033,0,0.062,0.009,0.01,0.006
1392,699,0.002,197,0,38,11,11.073,2.427,0,0.209,0.001,0.01,0.025,0,0.115,0.049,0.048,0.025,0,0.078,0.004,0.005,0.005
3126,1397,0.001,129,0,40,10,10.232,3.92,0,0.225,0.001,0.005,0.019,0,0.173,0.097,0.092,0.029,0,0.114,0.002,0.003,0.005
823,360,0.006,102,0,32,12,11.529,6.015,0,0.216,0.004,0.019,0.043,0,0.103,0.069,0.06,0.027,0,0.192,0.008,0.012,0.014
737,402,0.004,60,0,36,11,11.675,5.123,0,0.316,0.01,0.021,0.036,0,0.128,0.076,0.072,0.027,0,0.047,0.007,0.009,0.005
675,363,0.005,67,0,36,9,8.668,1.212,0,0.309,0.007,0.018,0.035,0,0.147,0.082,0.076,0.032,0,0.085,0.011,0.01,0.007
5174,2390,0,409,0,41,16,16.438,6.093,0,0.297,0.001,0.005,0.015,0,0.114,0.055,0.051,0.022,0,0.04,0.001,0.001,0.002
3363,1491,0.001,70,0,33,10,10.569,3.919,0,0.361,0.002,0.006,0.018,0,0.164,0.096,0.091,0.024,0,0.045,0.002,0.003,0.003
10249,5203,0,1268,0,56,16,16.444,6.067,0,0.136,0,0.001,0.005,0,0.109,0.043,0.036,0.023,0,0.029,0,0,0
870,462,0.004,70,0,25,10,10.416,3.783,0,0.36,0.007,0.016,0.03,0,0.165,0.08,0.078,0.03,0,0.058,0.006,0.008,0.004
11249,4917,0,303,0,44,12,11.855,0.734,0,0.271,0,0.002,0.009,0,0.15,0.078,0.077,0.024,0,0.039,0,0,0.001
1116,563,0.003,111,0,38,10,10.531,4.45,0,0.246,0.003,0.011,0.025,0,0.125,0.075,0.067,0.029,0,0.049,0.007,0.007,0.005
3057,1394,0.001,178,0,40,10,10.953,4.5,0,0.338,0.001,0.005,0.018,0,0.151,0.082,0.077,0.027,0,0.047,0.002,0.003,0.003
156,104,0.014,92,0,15,3.5,3.444,0.935,0,0.053,0.005,0.011,0.013,0,0.154,0.038,0.046,0.034,0,0.058,0.029,0.029,0.01
498,302,0.005,232,0,16,7,6.764,3.228,0,0.076,0,0.003,0.01,0,0.099,0.017,0.032,0.031,0,0.076,0.009,0.01,0.009
418,214,0.009,30,0,17,7,7.201,2.728,0,0.404,0.016,0.022,0.04,0,0.256,0.117,0.11,0.048,0,0.145,0.018,0.018,0.013
450,242,0.007,33,0,20,8,8.274,2.971,0,0.149,0.017,0.023,0.025,0,0.16,0.104,0.096,0.036,0,0.041,0.016,0.015,0.006
81,70,0.016,55,0,13,1,2.018,1.05,0,0.049,0,0.007,0.011,0,0.09,0.028,0.035,0.028,0,0.057,0.028,0.033,0.017
10647,5429,0,735,0,39,11,11.552,3.658,0,0.392,0,0.001,0.01,0,0.166,0.083,0.075,0.03,0,0.063,0,0,0.001
3866,2021,0,508,0,39,11,10.195,1.256,0,0.23,0,0.003,0.012,0,0.146,0.07,0.063,0.029,0,0.05,0.001,0.001,0.002
455,267,0.006,49,0,21,9,8.671,3.317,0,0.458,0.011,0.02,0.042,0,0.191,0.094,0.086,0.039,0,0.09,0.011,0.012,0.007
482,360,0.003,294,0,26,2,3.563,1.723,0,0.027,0,0.001,0.003,0,0.09,0.006,0.01,0.011,0,0.047,0.008,0.007,0.004
5995,2941,0,286,0,34,12,11.714,3.618,0,0.356,0.001,0.003,0.011,0,0.137,0.08,0.077,0.023,0,0.039,0.001,0.001,0.001
185,133,0.01,60,0,18,6,6.084,3.916,0,0.039,0.002,0.006,0.009,0,0.064,0.032,0.029,0.016,0,0.045,0.022,0.021,0.007
493,366,0.003,300,0,26,7,7.917,5.449,0,0.026,0,0.001,0.003,0,0.106,0.006,0.01,0.011,0,0.068,0.008,0.007,0.005
338,204,0.008,81,0,35,12,13.043,7.516,0,0.233,0.009,0.031,0.055,0,0.144,0.044,0.044,0.023,0,0.044,0.014,0.016,0.006
1763,847,0.002,180,0,24,7,7.22,1.096,0,0.575,0.001,0.006,0.031,0,0.24,0.099,0.098,0.04,0,0.154,0.003,0.004,0.008
678,381,0.004,70,0,35,11,11.886,6.121,0,0.269,0.007,0.021,0.036,0,0.122,0.077,0.067,0.03,0,0.063,0.007,0.009,0.005
211,139,0.01,69,0,31,9,9.882,5.806,0,0.147,0.007,0.027,0.035,0,0.097,0.053,0.046,0.027,0,0.072,0.021,0.021,0.009
796,528,0.002,342,0,40,9,8.213,2.834,0,0.105,0.001,0.006,0.013,0,0.071,0.015,0.022,0.019,0,0.02,0.005,0.005,0.002
3307,1508,0.001,62,0,34,10,10.552,3.8,0,0.347,0.002,0.005,0.017,0,0.16,0.094,0.091,0.022,0,0.047,0.002,0.002,0.003
7299,4725,0,3674,0,77,22,24.133,14.355,0,0.022,0,0,0.001,0,0.058,0,0.002,0.002,0,0.012,0,0,0
1404,716,0.002,82,0,39,11,11.68,5.235,0,0.242,0.005,0.012,0.025,0,0.159,0.082,0.08,0.029,0,0.055,0.004,0.005,0.004
252,138,0.013,41,0,21,7,6.444,1.368,0,0.203,0.019,0.031,0.038,0,0.186,0.088,0.081,0.046,0,0.072,0.029,0.026,0.011
743,372,0.005,40,0,23,9,8.682,3.099,0,0.252,0.009,0.016,0.031,0,0.193,0.104,0.096,0.035,0,0.048,0.01,0.01,0.006
468,265,0.006,64,0,23,10,8.542,1.339,0,0.242,0.007,0.024,0.041,0,0.153,0.074,0.069,0.031,0,0.056,0.011,0.013,0.007
3242,1702,0.001,154,0,31,11,11.539,3.798,0,0.375,0.002,0.005,0.015,0,0.145,0.081,0.079,0.024,0,0.05,0.001,0.002,0.002
12380,7026,0,1882,0,58,15,15.816,5.743,0,0.21,0,0.001,0.006,0,0.144,0.047,0.04,0.024,0,0.029,0,0,0
6995,3226,0,221,0,37,9,9.74,3.136,0,0.291,0.001,0.002,0.011,0,0.173,0.102,0.098,0.025,0,0.045,0.001,0.001,0.002
2069,926,0.002,93,0,34,10,10.533,0.767,0,0.401,0.002,0.009,0.026,0,0.188,0.085,0.085,0.031,0,0.172,0.004,0.004,0.009
548,291,0.006,51,0,20,8,7.172,0.821,0,0.304,0.008,0.019,0.036,0,0.187,0.105,0.097,0.037,0,0.072,0.01,0.012,0.008
2815,1443,0.001,172,0,38,11,11.549,4.413,0,0.278,0.002,0.005,0.016,0,0.141,0.079,0.073,0.026,0,0.043,0.002,0.002,0.002
1866,980,0.001,79,0,27,10,9.977,3.682,0,0.589,0.002,0.008,0.028,0,0.222,0.097,0.097,0.037,0,0.057,0.003,0.003,0.003
1900,892,0.002,131,0,22,8,8.173,2.979,0,0.364,0.002,0.006,0.022,0,0.2,0.107,0.102,0.035,0,0.106,0.004,0.004,0.006
421,246,0.006,91,0,36,13,13.788,7.932,0,0.171,0.003,0.025,0.041,0,0.097,0.036,0.037,0.018,0,0.073,0.012,0.013,0.007
5450,2272,0.001,219,0,34,8,9.073,0.906,0,0.192,0,0.003,0.014,0,0.167,0.1,0.096,0.025,0,0.082,0.001,0.002,0.003
90,67,0.02,52,0,15,5,4.968,3.258,0,0.075,0.006,0.014,0.019,0,0.107,0.041,0.046,0.029,0,0.075,0.045,0.04,0.015
1993,1049,0.001,109,0,33,11,11.25,0.962,0,0.459,0.003,0.009,0.024,0,0.176,0.075,0.075,0.028,0,0.057,0.002,0.003,0.003
1096,511,0.004,90,0,26,9,7.999,1.039,0,0.257,0.003,0.012,0.031,0,0.146,0.095,0.086,0.033,0,0.125,0.007,0.008,0.01
791,442,0.004,68,0,36,12,12.986,5.738,0,0.206,0.007,0.02,0.03,0,0.126,0.067,0.063,0.028,0,0.036,0.006,0.008,0.004
15994,6278,0,1092,0,46,12,13.188,5.197,0,0.396,0,0.001,0.008,0,0.133,0.068,0.063,0.026,0,0.026,0,0,0.001
2672,1284,0.001,126,0,27,9,9.044,0.613,0,0.267,0.002,0.006,0.016,0,0.166,0.094,0.091,0.024,0,0.045,0.003,0.003,0.003
5264,2207,0.001,227,0,27,7,7.662,0.606,0,0.258,0,0.002,0.014,0,0.204,0.118,0.112,0.033,0,0.096,0.001,0.002,0.004
184,130,0.01,80,0,20,7,7.09,3.698,0,0.109,0.003,0.013,0.022,0,0.134,0.043,0.041,0.027,0,0.054,0.023,0.021,0.008
17929,7556,0,3055,0,61,14,14.907,5.707,0,0.139,0,0,0.004,0,0.166,0.04,0.032,0.023,0,0.039,0,0,0.001
714,361,0.005,43,0,23,9,9.008,3.364,0,0.188,0.009,0.018,0.027,0,0.15,0.096,0.092,0.028,0,0.047,0.011,0.01,0.006
491,292,0.005,231,0,15,4,3.914,1.09,0,0.076,0,0.003,0.009,0,0.099,0.014,0.032,0.032,0,0.079,0.01,0.011,0.009
258,182,0.007,81,0,29,6.5,6.55,2.239,0,0.081,0.002,0.012,0.021,0,0.083,0.026,0.027,0.014,0,0.049,0.016,0.015,0.005
24387,10092,0,3797,0,78,14,14.888,5.717,0,0.118,0,0,0.003,0,0.165,0.042,0.034,0.023,0,0.038,0,0,0.001
6321,2918,0,265,0,35,11,10.983,0.576,0,0.243,0.001,0.003,0.01,0,0.148,0.086,0.081,0.027,0,0.033,0.001,0.001,0.001
1734,810,0.002,46,0,22,8,8.363,2.806,0,0.443,0.003,0.008,0.025,0,0.214,0.118,0.113,0.032,0,0.105,0.004,0.005,0.006
3097,1697,0.001,291,0,49,14,14.442,5.922,0,0.254,0.001,0.006,0.016,0,0.122,0.063,0.059,0.026,0,0.031,0.001,0.002,0.001
3130,1466,0.001,243,0,37,9,9.158,3.395,0,0.181,0.001,0.003,0.013,0,0.162,0.091,0.08,0.035,0,0.044,0.002,0.002,0.003
5693,2626,0,168,0,28,10,10.199,3.267,0,0.348,0.001,0.003,0.01,0,0.171,0.093,0.093,0.027,0,0.072,0.001,0.001,0.002
8763,4296,0,135,0,37,11,11.194,4.098,0,0.315,0,0.002,0.011,0,0.184,0.092,0.091,0.026,0,0.055,0,0,0.001
224,141,0.011,45,0,24,9,8.888,4.218,0,0.208,0.017,0.034,0.041,0,0.12,0.076,0.069,0.03,0,0.057,0.021,0.022,0.008
819,359,0.006,95,0,30,12,11.46,5.892,0,0.233,0.004,0.019,0.045,0,0.108,0.071,0.061,0.025,0,0.153,0.008,0.012,0.013
7199,3305,0,272,0,36,9,9.276,2.9,0,0.289,0,0.002,0.011,0,0.187,0.105,0.101,0.027,0,0.054,0.001,0.001,0.002
10482,5457,0,950,0,37,12,11.795,3.646,0,0.391,0,0.001,0.008,0,0.176,0.075,0.071,0.031,0,0.054,0,0,0.001
1305,705,0.002,204,0,35,11,12.174,5.64,0,0.269,0.002,0.009,0.025,0,0.116,0.06,0.051,0.03,0,0.032,0.004,0.005,0.003
152,174,0.005,168,0,10,2,2.24,2.245,0,0.004,0,0,0,0,0.092,0.005,0.007,0.011,0,0.063,0.011,0.01,0.008
2099,1204,0.001,354,0,43,12,12.948,5.821,0,0.242,0.001,0.005,0.014,0,0.14,0.055,0.048,0.031,0,0.048,0.002,0.002,0.002
9106,3808,0,534,0,35,10,10.186,0.965,0,0.403,0,0.002,0.011,0,0.177,0.081,0.076,0.034,0,0.065,0,0.001,0.002
1883,1063,0.001,196,0,34,12,12.599,4.252,0,0.196,0.003,0.008,0.015,0,0.124,0.071,0.065,0.029,0,0.026,0.002,0.003,0.001
3736,2039,0,284,0,46,16,15.97,1.579,0,0.23,0.001,0.006,0.017,0,0.129,0.052,0.049,0.019,0,0.031,0.001,0.001,0.001
17823,9396,0,679,0,47,14,14.376,4.244,0,0.186,0,0.001,0.005,0,0.117,0.068,0.065,0.019,0,0.017,0,0,0
12375,6012,0,485,0,34,10,9.885,2.965,0,0.367,0,0.001,0.01,0,0.215,0.097,0.094,0.027,0,0.05,0,0,0.001
7829,3156,0,176,0,36,9,9.919,0.543,0,0.253,0,0.002,0.011,0,0.169,0.097,0.094,0.024,0,0.061,0.001,0.001,0.003
7675,3395,0,208,0,36,10,9.939,3.315,0,0.275,0,0.002,0.011,0,0.167,0.1,0.096,0.024,0,0.056,0.001,0.001,0.002
8038,3723,0,334,0,38,11,11.444,0.846,0,0.147,0,0.002,0.009,0,0.131,0.08,0.076,0.022,0,0.042,0,0.001,0.001
1045,570,0.003,84,0,31,11,10.882,1.417,0,0.526,0.004,0.015,0.037,0,0.206,0.076,0.075,0.038,0,0.077,0.005,0.006,0.005
851,446,0.004,95,0,24,9,8.654,3.023,0,0.241,0.005,0.011,0.023,0,0.157,0.089,0.08,0.033,0,0.042,0.008,0.008,0.005
886,439,0.004,34,0,27,8,8.416,0.718,0,0.335,0.007,0.015,0.035,0,0.19,0.108,0.102,0.034,0,0.084,0.009,0.009,0.007
190,118,0.013,112,0,13,5,4.952,2.724,0,0.047,0.002,0.007,0.009,0,0.25,0.034,0.043,0.041,0,0.094,0.025,0.027,0.015
18,16,0.075,14,0,4,1,1.366,1.094,0,0.052,0.004,0.011,0.014,0,0.436,0.066,0.105,0.11,0,0.333,0.133,0.15,0.092
4941,2068,0.001,186,0,25,8,7.582,0.492,0,0.215,0,0.003,0.014,0,0.202,0.114,0.112,0.025,0,0.088,0.001,0.002,0.004
324,211,0.007,195,0,29,3,4.113,1.585,0,0.033,0.002,0.005,0.007,0,0.123,0.019,0.024,0.021,0,0.042,0.014,0.014,0.006
2138,1014,0.002,57,0,24,10,9.869,3.183,0,0.324,0.003,0.008,0.019,0,0.178,0.1,0.096,0.025,0,0.056,0.003,0.004,0.003
261,141,0.013,42,0,21,7,7.945,3.928,0,0.208,0.016,0.031,0.039,0,0.191,0.089,0.083,0.046,0,0.071,0.028,0.026,0.011
3950,1905,0.001,155,0,39,13,13.145,4.975,0,0.31,0.001,0.005,0.015,0,0.165,0.074,0.072,0.026,0,0.047,0.001,0.002,0.002
438,256,0.006,45,0,31,11,11.248,5.303,0,0.313,0.012,0.03,0.048,0,0.157,0.073,0.071,0.034,0,0.054,0.011,0.013,0.006
1391,835,0.001,270,0,44,12,10.868,2.348,0,0.25,0.002,0.008,0.019,0,0.105,0.042,0.036,0.023,0,0.023,0.003,0.003,0.002
1953,910,0.002,148,0,33,10,10.695,1.647,0,0.33,0.003,0.009,0.026,0,0.118,0.072,0.066,0.024,0,0.06,0.004,0.004,0.004
3122,1503,0.001,125,0,26,11,10.611,3.014,0,0.248,0.002,0.005,0.016,0,0.184,0.089,0.086,0.023,0,0.084,0.002,0.002,0.003
2262,1300,0.001,322,0,43,14,14.484,5.89,0,0.35,0.001,0.006,0.017,0,0.127,0.051,0.048,0.027,0,0.04,0.002,0.002,0.002
654,367,0.004,70,0,26,10,10.086,3.894,0,0.278,0.008,0.017,0.03,0,0.154,0.077,0.073,0.03,0,0.06,0.008,0.009,0.005
2009,1002,0.002,111,0,24,10,9.812,3.133,0,0.367,0.002,0.007,0.02,0,0.169,0.096,0.087,0.034,0,0.058,0.002,0.004,0.004
473,282,0.005,156,0,44,11,11.938,7.112,0,0.132,0.002,0.013,0.022,0,0.084,0.024,0.032,0.024,0,0.064,0.01,0.011,0.007
87,70,0.018,66,0,17,5,5.52,3.77,0,0.089,0.004,0.015,0.024,0,0.08,0.043,0.041,0.02,0,0.072,0.028,0.036,0.014
1794,821,0.002,99,0,35,9,10.016,1.895,0,0.519,0.001,0.01,0.035,0,0.191,0.102,0.09,0.037,0,0.14,0.003,0.005,0.009
367,223,0.007,113,0,30,8,8.781,4.909,0,0.255,0.004,0.014,0.03,0,0.153,0.039,0.049,0.039,0,0.09,0.013,0.014,0.008
1464,696,0.003,55,0,23,9,8.913,0.613,0,0.318,0.006,0.01,0.024,0,0.163,0.097,0.094,0.025,0,0.05,0.005,0.006,0.004
137,99,0.014,99,0,11,3,3.177,2.219,0,0.017,0,0.002,0.003,0,0.074,0.019,0.026,0.02,0,0.081,0.03,0.028,0.012
1356,808,0.002,259,0,37,13,12.912,5.001,0,0.273,0.002,0.009,0.02,0,0.107,0.058,0.05,0.028,0,0.042,0.003,0.004,0.003
261,163,0.009,36,0,23,8,8.273,3.52,0,0.231,0.016,0.03,0.039,0,0.141,0.092,0.082,0.037,0,0.061,0.018,0.019,0.008
1020,542,0.003,78,0,26,9,8.845,0.777,0,0.288,0.007,0.013,0.025,0,0.16,0.089,0.085,0.03,0,0.044,0.005,0.006,0.004
40,36,0.031,35,0,9,2,2.732,2.037,0,0.04,0.003,0.01,0.012,0,0.146,0.047,0.053,0.035,0,0.114,0.057,0.063,0.03
911,481,0.003,97,0,36,11,11.886,6.214,0,0.345,0.005,0.016,0.035,0,0.164,0.076,0.071,0.035,0,0.075,0.006,0.007,0.006
251,147,0.011,61,0,22,8,6.127,1.805,0,0.245,0.006,0.027,0.049,0,0.138,0.064,0.057,0.027,0,0.082,0.02,0.023,0.012
2653,1285,0.001,203,0,40,11,11.306,4.385,0,0.242,0.002,0.006,0.017,0,0.16,0.083,0.076,0.031,0,0.036,0.002,0.003,0.002
90,67,0.02,52,0,15,5,4.968,3.258,0,0.075,0.006,0.014,0.019,0,0.107,0.041,0.046,0.029,0,0.075,0.045,0.04,0.015
125,83,0.018,48,0,12,4,4.649,2.948,0,0.053,0.002,0.008,0.014,0,0.13,0.042,0.043,0.028,0,0.085,0.036,0.036,0.015
211,144,0.01,67,0,20,4,4.357,1.525,0,0.07,0.002,0.008,0.015,0,0.086,0.031,0.031,0.019,0,0.041,0.02,0.02,0.007
3544,2076,0,483,0,30,11,11.198,3.702,0,0.21,0.001,0.003,0.009,0,0.147,0.067,0.059,0.035,0,0.05,0.001,0.001,0.002
1450,1061,0.001,906,0,35,10,10.301,6.063,0,0.011,0,0,0.001,0,0.099,0.002,0.005,0.006,0,0.022,0.002,0.002,0.001
153,98,0.016,61,0,11,4,4.447,2.307,0,0.134,0.001,0.007,0.02,0,0.197,0.025,0.05,0.044,0,0.144,0.03,0.032,0.018
5506,2906,0,522,0,38,12,12.144,1.069,0,0.275,0.001,0.003,0.011,0,0.124,0.066,0.061,0.025,0,0.027,0.001,0.001,0.001
11631,4972,0,211,0,36,11,11.825,3.744,0,0.415,0,0.002,0.012,0,0.203,0.085,0.084,0.021,0,0.061,0,0,0.001
437,267,0.006,78,0,30,11,11.124,5.339,0,0.16,0.004,0.016,0.025,0,0.099,0.046,0.042,0.025,0,0.033,0.011,0.012,0.005
14620,7474,0,1623,0,43,12,12.23,4.17,0,0.373,0,0.001,0.006,0,0.156,0.066,0.061,0.031,0,0.058,0,0,0.001
3130,1466,0.001,243,0,37,9,9.158,3.395,0,0.181,0.001,0.003,0.013,0,0.162,0.091,0.08,0.035,0,0.044,0.002,0.002,0.003
3362,1833,0.001,315,0,42,13,13.554,4.661,0,0.209,0.002,0.005,0.011,0,0.156,0.065,0.06,0.025,0,0.033,0.001,0.002,0.001
771,401,0.004,269,0,27,6,7.501,4.395,0,0.168,0.001,0.004,0.013,0,0.193,0.041,0.041,0.023,0,0.115,0.007,0.009,0.009
1038,587,0.003,199,0,23,9,9.437,3.462,0,0.302,0.003,0.008,0.023,0,0.165,0.078,0.069,0.038,0,0.069,0.005,0.006,0.005
260,165,0.009,36,0,23,8,8.595,3.7,0,0.237,0.016,0.031,0.042,0,0.141,0.089,0.079,0.036,0,0.06,0.018,0.019,0.008
8227,3666,0,351,0,37,10,9.915,3.453,0,0.377,0,0.002,0.011,0,0.163,0.095,0.091,0.025,0,0.074,0.001,0.001,0.002
704,388,0.004,355,0,18,4,4.203,0.677,0,0.145,0,0.002,0.013,0,0.215,0.003,0.037,0.051,0,0.343,0.007,0.009,0.025
9674,4441,0,255,0,31,8,8.606,3.004,0,0.623,0,0.001,0.015,0,0.237,0.118,0.114,0.031,0,0.098,0,0,0.002
105,73,0.019,57,0,8,3,3.01,1.858,0,0.051,0,0.004,0.009,0,0.129,0.029,0.042,0.037,0,0.125,0.027,0.039,0.023
555,295,0.006,50,0,23,9,8.972,3.629,0,0.289,0.008,0.02,0.039,0,0.154,0.097,0.088,0.031,0,0.081,0.01,0.012,0.008
5740,2456,0,200,0,36,8,8.199,2.656,0,0.313,0,0.002,0.012,0,0.208,0.115,0.112,0.026,0,0.092,0.001,0.001,0.003
1323,749,0.002,211,0,26,10,10.047,3.38,0,0.203,0.004,0.008,0.017,0,0.123,0.077,0.069,0.029,0,0.048,0.004,0.004,0.003
1384,766,0.002,214,0,27,9,8.833,3.087,0,0.225,0.002,0.007,0.019,0,0.16,0.092,0.081,0.033,0,0.069,0.003,0.004,0.005
20035,8701,0,3540,0,78,14,14.674,5.74,0,0.125,0,0,0.003,0,0.161,0.04,0.032,0.023,0,0.038,0,0,0.001
12380,7026,0,1882,0,58,15,15.816,5.743,0,0.21,0,0.001,0.006,0,0.144,0.047,0.04,0.024,0,0.029,0,0,0
847,430,0.004,297,0,28,6,7.604,4.436,0,0.159,0.001,0.004,0.012,0,0.2,0.039,0.04,0.023,0,0.109,0.006,0.009,0.009
347,245,0.005,112,0,52,14,11.741,3.616,0,0.296,0.011,0.038,0.059,0,0.129,0.032,0.032,0.012,0,0.065,0.012,0.011,0.005
3931,2028,0,141,0,38,12,12.342,4.123,0,0.42,0.002,0.005,0.016,0,0.143,0.078,0.077,0.02,0,0.049,0.001,0.001,0.002
241,149,0.01,78,0,18,4,3.59,1.154,0,0.027,0.001,0.004,0.006,0,0.082,0.034,0.031,0.018,0,0.074,0.02,0.021,0.01
294,175,0.009,56,0,27,8,7.313,1.548,0,0.258,0.01,0.028,0.039,0,0.143,0.07,0.068,0.037,0,0.068,0.017,0.019,0.009
935,567,0.002,247,0,41,10,8.867,2.515,0,0.141,0.001,0.008,0.017,0,0.12,0.033,0.03,0.023,0,0.024,0.005,0.005,0.002
1503,748,0.002,88,0,26,9,9.46,3.054,0,0.229,0.004,0.009,0.019,0,0.164,0.095,0.09,0.031,0,0.037,0.005,0.005,0.003
952,520,0.003,117,0,25,9,9.229,3.431,0,0.287,0.005,0.011,0.026,0,0.175,0.085,0.08,0.034,0,0.071,0.005,0.007,0.006
31,33,0.029,33,0,6,2,1.761,1.502,0,0.018,0.003,0.004,0.005,0,0.11,0.041,0.043,0.027,0.031,0.125,0.062,0.058,0.026
13138,6008,0,1395,0,33,9,9.639,3.26,0,0.279,0,0,0.007,0,0.173,0.083,0.072,0.039,0,0.053,0,0,0.001
3692,1654,0.001,150,0,34,8,8.571,2.892,0,0.345,0.001,0.004,0.017,0,0.199,0.112,0.107,0.03,0,0.103,0.002,0.002,0.004
3151,1514,0.001,128,0,29,10,9.778,0.649,0,0.342,0.002,0.005,0.017,0,0.175,0.094,0.09,0.026,0,0.064,0.001,0.002,0.003
1929,944,0.002,196,0,32,8,8.831,3.973,0,0.321,0.002,0.005,0.018,0,0.175,0.093,0.081,0.038,0,0.086,0.003,0.004,0.005
845,438,0.004,53,0,21,8,8.57,3.127,0,0.343,0.007,0.014,0.031,0,0.189,0.106,0.099,0.036,0,0.135,0.006,0.008,0.008
2710,1267,0.001,158,0,38,9,9.194,3.286,0,0.224,0.001,0.005,0.017,0,0.169,0.097,0.091,0.029,0,0.049,0.003,0.003,0.003
12699,6144,0,527,0,40,11,11.329,3.636,0,0.275,0,0.001,0.007,0,0.161,0.085,0.082,0.024,0,0.029,0,0,0
163,113,0.012,86,0,16,6,6.419,3.37,0,0.076,0.006,0.013,0.017,0,0.153,0.043,0.044,0.025,0,0.053,0.026,0.025,0.009
1,5,0.05,5,0,1,0,0.1,0.2,0,0,0,0,0,0,0.25,0,0.05,0.1,0,0.25,0,0.1,0.122
1775,1015,0.001,256,0,41,13,13.454,5.282,0,0.178,0.002,0.007,0.015,0,0.122,0.054,0.047,0.027,0,0.02,0.002,0.003,0.001
168,106,0.015,32,0,15,7,6.505,2.845,0,0.206,0.017,0.029,0.038,0,0.181,0.1,0.087,0.048,0,0.066,0.028,0.03,0.013
994,683,0.002,422,0,53,13,14.329,7.863,0,0.178,0,0.005,0.015,0,0.086,0.008,0.023,0.023,0,0.039,0.004,0.004,0.002
20061,8647,0,3510,0,78,14,14.655,5.737,0,0.122,0,0,0.003,0,0.162,0.04,0.032,0.023,0,0.038,0,0,0.001
3993,1781,0.001,158,0,34,8,8.498,2.854,0,0.346,0.001,0.003,0.016,0,0.2,0.113,0.109,0.03,0,0.105,0.002,0.002,0.004
202,147,0.009,131,0,16,4,4.54,3.417,0,0.026,0,0.002,0.004,0,0.329,0.01,0.019,0.033,0,0.157,0.02,0.018,0.017
1305,705,0.002,204,0,35,9,9.813,1.665,0,0.269,0.002,0.009,0.025,0,0.116,0.06,0.051,0.03,0,0.032,0.004,0.005,0.003
2914,1311,0.001,137,0,40,10,10.311,3.807,0,0.245,0.001,0.006,0.02,0,0.164,0.093,0.086,0.028,0,0.122,0.002,0.003,0.005
5486,2652,0,539,0,32,10,9.976,3.28,0,0.253,0,0.002,0.01,0,0.147,0.087,0.075,0.033,0,0.046,0.001,0.001,0.002
709,416,0.004,186,0,34,11,11.678,5.12,0,0.268,0.001,0.011,0.025,0,0.186,0.047,0.04,0.033,0,0.125,0.007,0.008,0.007
156,104,0.014,92,0,15,5,5.59,3.135,0,0.053,0.005,0.011,0.013,0,0.154,0.038,0.046,0.034,0,0.058,0.029,0.029,0.01
2020,1014,0.001,149,0,40,13,13.585,5.116,0,0.228,0.003,0.01,0.02,0,0.136,0.068,0.063,0.027,0,0.034,0.002,0.003,0.002
725,439,0.003,218,0,31,10,10.908,5.977,0,0.104,0,0.005,0.012,0,0.093,0.027,0.023,0.018,0,0.045,0.006,0.007,0.003
824,431,0.004,55,0,20,8,8.352,2.934,0,0.378,0.007,0.014,0.032,0,0.205,0.108,0.102,0.037,0,0.132,0.006,0.008,0.008
3928,1980,0.001,135,0,36,12,12.05,3.991,0,0.421,0.002,0.005,0.016,0,0.148,0.08,0.079,0.021,0,0.05,0.001,0.002,0.002
3640,1917,0,318,0,38,11,11.097,1.172,0,0.195,0.001,0.004,0.012,0,0.135,0.068,0.066,0.026,0,0.034,0.001,0.001,0.002
20529,9163,0,4019,0,78,14,15.09,5.873,0,0.099,0,0,0.003,0,0.155,0.036,0.028,0.022,0,0.035,0,0,0.001
164,120,0.011,12,0,39,14,14.993,2.036,0,0.346,0.057,0.113,0.122,0,0.095,0.059,0.057,0.018,0,0.067,0.025,0.022,0.008
912,427,0.005,95,0,23,11,10.616,3.908,0,0.45,0.002,0.017,0.05,0,0.172,0.071,0.075,0.031,0,0.316,0.007,0.01,0.024
80,65,0.019,53,0,9,3,3.096,2.118,0,0.021,0.002,0.004,0.005,0,0.09,0.039,0.036,0.02,0,0.062,0.031,0.038,0.016
2009,1106,0.001,379,0,46,13,14.131,6.185,0,0.248,0.001,0.006,0.017,0,0.256,0.048,0.04,0.023,0,0.112,0.002,0.003,0.003
623,360,0.004,77,0,34,11,11.858,5.218,0,0.188,0.01,0.02,0.027,0,0.108,0.065,0.058,0.027,0,0.033,0.008,0.009,0.004
1938,945,0.002,212,0,26,8,8.465,3.179,0,0.299,0.001,0.005,0.017,0,0.171,0.09,0.08,0.037,0,0.086,0.003,0.004,0.005
1526,894,0.001,318,0,34,9,10.085,4.371,0,0.538,0.002,0.006,0.026,0,0.194,0.066,0.063,0.022,0,0.167,0.003,0.003,0.006
536,303,0.005,61,0,34,11,9.949,1.948,0,0.235,0.007,0.025,0.042,0,0.138,0.065,0.06,0.028,0,0.052,0.009,0.011,0.006
8603,4061,0,116,0,51,12,12.929,0.565,0,0.28,0,0.002,0.01,0,0.142,0.077,0.076,0.016,0,0.04,0,0.001,0.001
1582,803,0.002,102,0,32,11,11.294,4.231,0,0.316,0.003,0.01,0.023,0,0.167,0.081,0.077,0.022,0,0.061,0.003,0.004,0.004
64,44,0.033,44,0,14,3,3.712,3.115,0,0.044,0.013,0.014,0.014,0,0.392,0.04,0.058,0.076,0,0.372,0.069,0.067,0.052
17609,8117,0,1502,0,667,12,12.955,18.737,0,0.207,0,0.001,0.005,0,0.132,0.071,0.061,0.03,0,0.036,0,0,0.001
1751,884,0.002,212,0,36,10,10.087,4.188,0,0.146,0.001,0.005,0.014,0,0.127,0.073,0.06,0.032,0,0.049,0.003,0.004,0.003
693,366,0.005,125,0,32,8,8.213,1.54,0,0.184,0.003,0.011,0.027,0,0.123,0.04,0.047,0.027,0,0.065,0.008,0.01,0.007
226,137,0.012,42,0,22,9,9.057,4.555,0,0.318,0.014,0.033,0.058,0,0.217,0.067,0.069,0.045,0,0.191,0.022,0.024,0.018
